-- MySQL dump 10.13  Distrib 8.0.28, for Win64 (x86_64)
--
-- Host: localhost    Database: buynget
-- ------------------------------------------------------
-- Server version	8.0.28

/*!40101 SET @OLD_CHARACTER_SET_CLIENT=@@CHARACTER_SET_CLIENT */;
/*!40101 SET @OLD_CHARACTER_SET_RESULTS=@@CHARACTER_SET_RESULTS */;
/*!40101 SET @OLD_COLLATION_CONNECTION=@@COLLATION_CONNECTION */;
/*!50503 SET NAMES utf8 */;
/*!40103 SET @OLD_TIME_ZONE=@@TIME_ZONE */;
/*!40103 SET TIME_ZONE='+00:00' */;
/*!40014 SET @OLD_UNIQUE_CHECKS=@@UNIQUE_CHECKS, UNIQUE_CHECKS=0 */;
/*!40014 SET @OLD_FOREIGN_KEY_CHECKS=@@FOREIGN_KEY_CHECKS, FOREIGN_KEY_CHECKS=0 */;
/*!40101 SET @OLD_SQL_MODE=@@SQL_MODE, SQL_MODE='NO_AUTO_VALUE_ON_ZERO' */;
/*!40111 SET @OLD_SQL_NOTES=@@SQL_NOTES, SQL_NOTES=0 */;

--
-- Table structure for table `accounts`
--

DROP TABLE IF EXISTS `accounts`;
/*!40101 SET @saved_cs_client     = @@character_set_client */;
/*!50503 SET character_set_client = utf8mb4 */;
CREATE TABLE `accounts` (
  `username` varchar(50) NOT NULL,
  `email` varchar(50) NOT NULL,
  `password` varchar(50) NOT NULL,
  `customer_id` int NOT NULL AUTO_INCREMENT,
  PRIMARY KEY (`username`),
  UNIQUE KEY `email` (`email`),
  UNIQUE KEY `customer_id` (`customer_id`),
  CONSTRAINT `accounts_chk_1` CHECK ((locate(_utf8mb4'@',`email`) <> 0)),
  CONSTRAINT `accounts_chk_2` CHECK ((length(`password`) >= 6))
) ENGINE=InnoDB AUTO_INCREMENT=951 DEFAULT CHARSET=utf8mb4 COLLATE=utf8mb4_0900_ai_ci;
/*!40101 SET character_set_client = @saved_cs_client */;

--
-- Dumping data for table `accounts`
--

LOCK TABLES `accounts` WRITE;
/*!40000 ALTER TABLE `accounts` DISABLE KEYS */;
INSERT INTO `accounts` VALUES ('aairlie1q','croycroft1q@csmonitor.com','octMdbzVnNT',63),('aantcliffeki','adederickki@qq.com','xgkdAPoLvwN1',739),('aasmus5q','fprandoni5q@eventbrite.com','op8Wzo',207),('abastardfz','nsesonfz@berkeley.edu','TMdElMJPqZ',576),('abaversorc1','bcuthillc1@java.com','GChfT6c8',434),('abeaconsall5i','ehailwood5i@mayoclinic.com','w258JpGypBy',199),('abeckettlf','pdonoherlf@is.gd','CAcxmfVIbEyf',772),('ablackstone7h','cdeftie7h@hatena.ne.jp','HGoEf4MOaOtO',270),('ablose3i','rcragell3i@yahoo.co.jp','oGOJd2g08x',127),('aboutflourai','bbernatai@edublogs.org','4kev0vKss',379),('abrim6d','wroo6d@theguardian.com','XcQ5tRnP3',230),('abrutef9','fjannyf9@wsj.com','1FZJdfNTH74',550),('abrymner4j','ounworth4j@hostgator.com','bPFsoEJTc5',164),('abyrdg3','hpoulstong3@wikimedia.org','1PV1o7t9i3',580),('acapewell8s','cbaguley8s@dion.ne.jp','6ICF7I0jfzpG',317),('acasbonnm','gwimpnm@meetup.com','2w1ZmO6tpPV',851),('aclemensenna','fwardhawna@icq.com','2oH3mmJIn',839),('acollingham4m','tcases4m@bravesites.com','u0VOwbemRUog',167),('aconrartl','nastmanl@ifeng.com','Y7kf1s',22),('acrecyg7','ledging7@last.fm','pVqoWGye',584),('acunnahj2','csinkinsonj2@va.gov','f8lXJ5fYbj',687),('adaintyh5','dstpaulh5@flickr.com','KKOlfr7Mu',618),('adelortg9','adunkerlyg9@chronoengine.com','AFwImEszdikL',586),('aderrico8p','cemby8p@feedburner.com','DrGMcEZIpT4s',314),('adodworthfa','bspriggfa@google.ca','SNcCiops0uE',551),('adrewelldt','nclaquedt@usda.gov','r9UtHQHE',498),('adroganb5','alangwadeb5@usda.gov','K1E5gUr',402),('aduchantgl','lperreegl@wikipedia.org','OVICFvEg5s0',598),('afernie7u','tlangthorne7u@merriam-webster.com','i51wcSW',283),('afiddymontl6','gjedrykal6@example.com','szOWtre',763),('agaskalle1','gautiee1@adobe.com','kabs2f',506),('agosdenn7','arubinsaftn7@exblog.jp','zQWs33iJ9o',836),('agotmannbj','lbarbiebj@hc360.com','0XVrfdb6YQy',416),('agrindlayj5','rhosierj5@archive.org','DHeHr9',690),('aharpuro0','ovaheyo0@ucoz.ru','1NRPQpjU3pdP',865),('ahevnerc9','ttenderc9@weebly.com','FBK5yElXuGmN',442),('ahousbief2','cyarnf2@sphinn.com','HJA0XoE47l',543),('ahugogf','lidendengf@ebay.com','B4RTtwYBQkb6',592),('ajeacock1h','ktoolin1h@bloomberg.com','1pgmhkQiCN0D',54),('ajutsonct','igregersenct@statcounter.com','0XBk83YCiYAj',462),('akinneirb9','cachromovb9@sogou.com','cGDmtT95hI',406),('akipping9f','csample9f@qq.com','ejbn9Z',340),('akleuerq3','fconsadineq3@mlb.com','uWZEgM8EDkg4',940),('akrienkeb7','lformillib7@jalbum.net','CXybRW1GmR',404),('alashbrookh4','thubbleh4@liveinternet.ru','fcLgNMdTk',617),('alebbern9a','rskrines9a@de.vu','0VufvLVP',335),('alodekegs','fsmithsgs@ask.com','ozDx8OOlGl2',605),('alookerh3','rcharkerh3@typepad.com','kHeu7a',616),('alopeif','fteasif@techcrunch.com','U4Q0fT',664),('amaccathaykq','dpoteskq@booking.com','Z6UNgxP8y',747),('amaffiapx','mspriggenpx@house.gov','5jlk1bk83Btp',934),('amansourm5','bmendezm5@mail.ru','qKAHko',798),('amassei1k','whamlin1k@123-reg.co.uk','UlREPwqGIn',57),('amazzeoe0','bthrushe0@mtv.com','R6a3hXfhtg',505),('amcgauhy3a','chayton3a@free.fr','WYxVYD',119),('amcterrellyoy','mephsonoy@google.fr','iW06q4SU',899),('ameddickp9','mseedhousep9@nih.gov','jSzFeQV',910),('amoran8d','wagent8d@unesco.org','T4G3sU',302),('amordegz','hbrevetorgz@theatlantic.com','csIPVeH5',612),('amuckian1m','gsixsmith1m@nature.com','XShQwHPZ3bBX',59),('amurgatroydfp','bwestbrookfp@cbslocal.com','tOZHz7JP7Y',566),('anoellf6','btschiraschef6@berkeley.edu','GGZLkIdaZ',547),('anudde4x','alandsberg4x@seesaa.net','DnngSYY',178),('aocorrenjq','thuggonjq@nasa.gov','Qu1aXj6',711),('aohoey7r','wwinteringham7r@boston.com','LH73UuWj',280),('aollis8z','ckuhnt8z@bizjournals.com','IDDPI5Yd',324),('apadberygi','ydaviddigi@google.co.jp','9NDHYWFQtM',595),('aparramoreng','jgadaudng@acquirethisname.com','EMjfH0i',845),('apowriei0','pstoaksi0@weather.com','qO7NxLJIuy',649),('aquidenhamm8','fseczykm8@wufoo.com','eN2KHAIqvyY2',801),('araubenheimersq4','chadcockq4@europa.eu','wIpMvRH',941),('arimmerpq','dillwellpq@huffingtonpost.com','wj6uGcCv',927),('aritchard28','jmoreman28@plala.or.jp','sBvckXf',81),('arollinghv','cusherhv@nps.gov','ct7HQ8XX',644),('aromayne7b','gsheach7b@shutterfly.com','EwgJE0ciroNP',264),('arostron6a','smerton6a@whitehouse.gov','aJ11DkX',227),('aroughsedge53','ftumber53@scribd.com','sDmOdTt',184),('aroullierhg','mshaperohg@arstechnica.com','0tOVIBRws',629),('arubenfeld6q','rmingauld6q@tripadvisor.com','S21w6Pmd6a',243),('asanbrookcv','lpallistercv@blinklist.com','kbZx37uN0PS',464),('ascoggan92','npettigree92@ucsd.edu','N8Ux0MV',327),('asergent4s','amacias4s@whitehouse.gov','jJLnVr',173),('astaggeor','rhollyardor@reuters.com','06HVNJLDdtLF',892),('astreetleyc0','ldummiganc0@nyu.edu','mRX60NqylTo',433),('asugg9w','bsarsons9w@icq.com','qgdQouso',357),('asweeten4h','mspoor4h@time.com','KTvczj7',162),('aterbruggennl','pdamrellnl@mlb.com','uI6q4Hf',850),('atinhamjs','gdradeyjs@sbwire.com','gOrUwSsH',713),('atomasutti9m','ldecort9m@opensource.org','fzDcXrBdUXv',347),('atompkinsgk','egilkesgk@foxnews.com','C8Disd0RYp',597),('avalentiiw','cleprovostiw@bandcamp.com','up6iKgnF',681),('avandenbroek8r','lenderson8r@lulu.com','Msjgn9G',316),('awalework7d','rfoli7d@rediff.com','g3LUp875',266),('awatsonbrownlv','dhunsworthlv@patch.com','ufOoaSwEA0a',788),('awillockoo','bdoyleoo@google.com.hk','ykDG7iIGFxe',889),('awilmorejk','egazejk@pbs.org','FWc3Fd8',705),('awinspari7','cwoehleri7@joomla.org','6zhHn7W7',656),('awoolgerf1','lgarradf1@home.pl','9nKmaM',542),('awykesn','hduffern@timesonline.co.uk','M2pIGZ',24),('ayeskin44','bevamy44@twitter.com','Hh0x6K4kf6',149),('backredjz','ewestelljz@mapquest.com','uL8ncsSF',720),('bbarthropplz','gmcmurrughlz@nba.com','ZXQjk5y9mdt',792),('bbocken3u','wpuckey3u@ning.com','70RpafPxu',139),('bbootes5s','hcalender5s@mlb.com','RY851Oaq8',209),('bbrafferton4z','btomich4z@ifeng.com','Ns1vJPw8N',180),('bbreagandg','kfarlamdg@wiley.com','aUUBaEp',485),('bburgyn4c','mottawell4c@wikispaces.com','vnDG0POOTV',157),('bcassidy9s','thartil9s@elegantthemes.com','9jfrXSzKirVJ',353),('bchopyit','cruprichit@live.com','RXBIGVD',678),('bclemensah','mbrimelowah@yahoo.co.jp','0sVCqqvuDur',378),('bcrowcum21','afendley21@scientificamerican.com','kuvmXgHM',74),('bcud9h','upryde9h@economist.com','eSUXSogDRq',342),('bdallistonm2','nhannahm2@devhub.com','HPO32vsB',795),('bdedon7n','ssisnett7n@irs.gov','W6wjIGRL',276),('bdevoyme','dthezeme@sun.com','tHD5CPELAHss',807),('bdunkersleyji','epostlethwaiteji@delicious.com','n1qmKD4l8QOT',703),('bebunoluwaly','jwilbyly@engadget.com','JRQl1wRp9',791),('beccleshk','cjanatahk@admin.ch','qe7lkfrER',633),('bethersonhi','emundlehi@linkedin.com','4MS3UKFe',631),('bfittispc','dhowmanpc@blog.com','SBIzzdB',913),('bfrazerf','bivanenkovf@soundcloud.com','XCxOa6EgjsU',16),('bgarioch3x','commanney3x@vimeo.com','N4v5MKA0QY',142),('bgarrishl0','kturviel0@time.com','RxAanPbBB',757),('bgaskelli9','ivolkei9@4shared.com','GsU2i2His',658),('bginnelly9i','ycapey9i@behance.net','Msl5qn',343),('bgolde7f','cgatty7f@nsw.gov.au','DpGOQin',268),('bgoodband93','aperdue93@tiny.cc','liH6PwwJ9',328),('bgooddiel1','hvassl1@fastcompany.com','D7NBNst',758),('bgreallyf0','pcasettaf0@ucoz.com','tMYW1AsvCSwd',541),('bgreenfieldax','cknolesax@princeton.edu','lg43MpJEO',394),('bhalgarthb4','jhinchonb4@webmd.com','biNvcLWAb',401),('bhaselden3','jida3@paginegialle.it','iIyl2qy',4),('bholah31','cmcdade31@samsung.com','vHmIEH6G',110),('bhuffdo','mramelotdo@irs.gov','bg3lAwLx',493),('bhughesdon5n','ysimmonds5n@aboutads.info','GPQTkqW',204),('bhurdwellow','relcottow@lulu.com','N6HAF4hVf64g',897),('bhutleyo8','mchataigniero8@paypal.com','VaQmpvC',873),('bjammetfq','bmorrisonfq@lulu.com','tgoP8UH4qU',567),('bjewsterlx','rlygolx@jugem.jp','b3YXf6T3S',790),('bjosifovitz64','ljagoe64@last.fm','Bpw7jT6gMk',221),('bjoulei5','lconnachani5@whitehouse.gov','gSjBiIS',654),('blaetham78','blytle78@ebay.co.uk','HbTxlvC1Yjh1',261),('blawlerno','nwhiteselno@webnode.com','icTD3IqdmVA6',853),('bleadspf','rblaksleypf@infoseek.co.jp','27DORCbi',916),('bleckie7k','hberg7k@elegantthemes.com','MvUYKT7Twiv',273),('blevins8c','lmckinstry8c@hubpages.com','gCxuBEx38uL',301),('blocke97','hvaun97@yolasite.com','IR7TEb',332),('blongman12','gwayne12@acquirethisname.com','nnHH0IBUUTUL',39),('bmalinou','ckhidrou@princeton.edu','n278lZ',895),('bmayesb2','nerbainb2@newyorker.com','K3eTAPfyM',399),('bmcgroartyp4','mcullenp4@ucoz.com','G1yu0XH',905),('bmelmareo','ddoggerelleo@europa.eu','zOJhVpggr',529),('bogriffinda','bleppingwellda@soundcloud.com','aTrnfN7',479),('boventond3','utreamayned3@un.org','RGds1dplVWfT',472),('bpeyntuefh','fmaudefh@163.com','2bjV1e9',558),('bphettiplace25','omaxstead25@facebook.com','Y9W1HoyIMLA',78),('bpowley85','sdelaeglise85@tinyurl.com','FYzH62KAy',294),('bpyford56','jleaburn56@tamu.edu','zlktd3h5V',187),('bquantrelld','kbrinklerd@zimbio.com','qtJ1MNgjhtNF',14),('brickasseec','dculveyec@ucla.edu','twtrLAxGGa',517),('brizzillop7','tthwaitep7@over-blog.com','yJD6PyrE',908),('brounsefull26','dbabon26@paginegialle.it','v1wlSpzsjV',79),('bshawley5b','zpothergill5b@blogspot.com','nAhlaPPFFUY5',192),('bshilburnegh','ejiruchgh@auda.org.au','Sgt3Vw1',594),('bsteenck','epowisck@slate.com','GkfTaUP',453),('bterbrugge8w','tpaolazzi8w@fastcompany.com','xY9W5Y6ZsS',321),('btimewelllo','wtiplinglo@tuttocitta.it','adSqdSw',781),('bwethg2','ethorouggoodg2@oaic.gov.au','F6u04Kd',579),('bwippermannoj','leilhersenoj@guardian.co.uk','iRBY70',884),('cackers1o','okeattch1o@google.com.br','GyMT84ijwmV',61),('carcasehh','thugnethh@joomla.org','holibNv7',630),('caudsley1','cmeiklem1@ebay.com','IuXSmT',2),('cbattesonob','rphythienob@mayoclinic.com','g9eW4KzoS',876),('cbauldryk8','vboustredk8@icio.us','75kJ9khOpYL',729),('cbaume7i','pveighey7i@deviantart.com','tUokTrxuhV7q',271),('cbennett8h','btourot8h@furl.net','r3NmTQ',306),('cberni8t','pupward8t@quantcast.com','pALfzNr0',318),('cblucherfg','mkleinstubfg@live.com','HRRxlls',557),('cbollameu','lgumlyeu@ibm.com','thalVu40ZNs',535),('cbrabham96','rwhitmore96@mtv.com','jq0CKBpPT',331),('cbramleyll','jcalenderll@jigsy.com','TAfejOqXy',778),('ccaslane2u','thudghton2u@example.com','kika6I',103),('ccherrington68','mrambadt68@wordpress.com','WsOGZr',225),('cchitterk7','cgerberk7@cdc.gov','LcDIhGyo',728),('cciottoif4','mfilipiakf4@ed.gov','khQ8CBFem',545),('cclemensonbg','rbourcqbg@go.com','ZDLNOoO',413),('ccopync3','adeansc3@mashable.com','pHPPcdolZVc2',436),('ccoushe5y','tfyers5y@spotify.com','edwOurS',215),('ccrangle42','slinge42@networkadvertising.org','ZSesNj',147),('cdealybf','hzimmermeisterbf@gmpg.org','ZzZUjM',412),('cdockreay8f','ltweed8f@sciencedaily.com','zhku3ff',304),('cdossettor16','bcallander16@youtube.com','swt9t8j7LlpN',43),('cdrewcliftonmi','kchambersmi@sphinn.com','uJKoDlp',811),('cducket18','dmosco18@tamu.edu','cKxTgsEKvr',45),('cdunning5m','mbarensky5m@addtoany.com','sSxyJy3jT',203),('cenrdigoks','cduftonks@ezinearticles.com','Y1OTHcJbLIt',749),('cfearickmr','nizakofmr@zimbio.com','LdJseV6hb4',820),('cfiltnessbv','hgarreltsbv@zimbio.com','QnqewTyZ5qIT',428),('cfladepk','rcinnamondpk@bbc.co.uk','108fnmbsEA',921),('cgatchellfw','emarmyonfw@typepad.com','L3ynDmWr',573),('cgiannoni1x','sallcott1x@cornell.edu','o2lO1eugfprf',70),('cgomar5v','dfutter5v@etsy.com','btxKTsZH',212),('cgreenalfew','dduellew@omniture.com','k1MiQJrsr7H8',537),('cgreepau','dstaresau@sina.com.cn','5FTRbNTTFV',391),('cgriffinnd','etomaskovnd@cnbc.com','HSxOsSd',842),('cguilloux71','jmoseley71@t.co','5N7eRxI',254),('cgwinnmg','kpaffettmg@nyu.edu','0WDA1p9CtjWp',809),('chalworthba','amuddba@scientificamerican.com','StxsUY',407),('charry3m','erodie3m@usa.gov','FOF6Z7',131),('cingerithdw','efredianidw@walmart.com','yqkqIpm1ft',501),('cjeniknf','snastnf@soup.io','cl0FVF7b2x',844),('cjennickku','tmytonku@amazonaws.com','chnhmzXzgP',751),('cjupp2w','jhendin2w@foxnews.com','ADadrTU',105),('ckrugmannm','mcrosslandm@umn.edu','iE3Bct',23),('ckures9g','fcraske9g@macromedia.com','avkwKFX39',341),('clarcier50','cscawton50@purevolume.com','bEl6CUoDtf0',181),('clattin9u','aseczyk9u@drupal.org','yeZcPZW5UKiK',355),('clethby2a','bbroomhead2a@columbia.edu','MJcusj9eRFUK',83),('climeburnerpd','bportigallpd@canalblog.com','bKd8aic0nzM',914),('clinskey8i','cbedin8i@gravatar.com','w53sWz',307),('clownsbroughg4','fmcbayneg4@gravatar.com','5Abdm9',581),('cmagnar5k','cbanke5k@cnet.com','Kt71nFqgISv',201),('cmakine8','jronalde8@squidoo.com','I7uMsL4I',513),('cmcphillipsbs','ccudbertsonbs@cyberchimps.com','PH6Q9B',425),('cneighbour70','kchivrall70@netvibes.com','pYkHXCd',253),('cnormavillcw','pmacieiczykcw@dion.ne.jp','QHrgv6Ny',465),('cnottingami1','ralhirsii1@cnet.com','RNxwbMSCT',650),('cparsandbw','jcardonbw@nba.com','J2aHlSsMX',429),('cpearcehousea2','gnaglea2@businessweek.com','y6ARV3ji',363),('cpedlowpz','swalderpz@disqus.com','ULO6Dr',936),('cpenniallim','ftieraneyim@taobao.com','xFOS3ALj',671),('cpimerickf8','ddunlopf8@bbc.co.uk','hOu4vaNt',549),('cpittetv','kghidettiv@wordpress.org','XCW3aFd',32),('cprodrickfr','ccastaignetfr@quantcast.com','J6MPUdy',568),('cproschke4d','nalekhov4d@walmart.com','FBKpxl3xJM',158),('cputmankg','kimpettkg@soundcloud.com','roXcSr',737),('crein3b','bcornell3b@flickr.com','o4dnUPW',120),('crennickpj','khalltpj@nydailynews.com','iHSG42swo',920),('crochfordft','gillsleyft@surveymonkey.com','dYGLCT0',570),('crosenblumm9','gcrowtherm9@dion.ne.jp','cj3d2u',802),('crosencrantzqa','ebechleyqa@vkontakte.ru','3WDNx3B',947),('croskelly5e','aenevold5e@blogs.com','r909bx',195),('crowlingfy','hboggersfy@twitter.com','LXbQ6Yx',575),('crozalskiln','lledgardln@1und1.de','cvLk2Bs',780),('csawlc5','bchrestienc5@wired.com','lGXfl8s',438),('cseeryo7','gwiddockso7@indiatimes.com','nNx7n0yrZrp',872),('cshevlan5w','rbeecroft5w@sakura.ne.jp','3GXhCoKeWbN1',213),('cshimwall43','cnairn43@uol.com.br','AGm4k7',148),('csimoncellop3','oasbreyp3@berkeley.edu','RfnZDby',904),('cstrussdn','dalenindn@constantcontact.com','F5zsHx',492),('ctayspellat','mdeeganat@qq.com','ZPhQtGfhGK5m',390),('ctedder2p','mcrann2p@geocities.com','buIcV4gGNc',98),('ctinmankm','dkenealykm@ft.com','0fCXNKhYFW',743),('ctrubshaweig','emcgallig@usa.gov','etOlZy5YGO',665),('ctunnacliffebu','freadmanbu@reverbnation.com','LUzpKH4l',427),('cvasyukhnov6c','cderry6c@sciencedaily.com','OCItcye',229),('cvedstra3c','bdwyr3c@auda.org.au','yCK49j',121),('cworgenof','cdebankeof@reference.com','jlkLdbK',880),('dbasden8b','cwhittek8b@army.mil','UaKQQajiYPhw',300),('dbasekenb','wiacovaccionb@baidu.com','RySxldGDkeCF',840),('dborellh8','lmilnesh8@bing.com','EswRYWA5qPm',621),('dcastagnegr','bmarusicgr@addtoany.com','ffabeJs',604),('dchamney6e','ecoughlin6e@icio.us','yt7oyr',231),('dcollington2d','afairley2d@icio.us','IeBR1IvIEs',86),('dcottilljg','mhalkyardjg@jugem.jp','vslvgYjbVlH',701),('ddengatea3','cruslina3@springer.com','lfVFQOq',364),('ddightham72','mroyle72@livejournal.com','de6W4g9',255),('ddonne7','aburger7@microsoft.com','hqfrIBq',8),('ddoward5a','elanon5a@homestead.com','Rfw7mUP',191),('deasbyeh','thalsalleh@google.ru','v2QftO4z',522),('debourneac','vcampioneac@cbsnews.com','oMYvm05Sa9F',373),('derswell35','jlunt35@elegantthemes.com','b7k15U08re0',114),('dfountaincc','jhubycc@ed.gov','WzANl5H',445),('dgodwyn19','lhartwell19@bigcartel.com','k1DvTAbV6y',46),('dhuske6g','hpennaman6g@huffingtonpost.com','WF1fi37nsS',233),('diacobinijt','faikmanjt@networksolutions.com','88wNaVmtl',714),('dinnwoodcq','fdeerecq@google.com.br','xrP98fYzPu',459),('divinsa9','dhardwicha9@w3.org','GYKU2D',370),('djirieckk6','cczaplek6@bbc.co.uk','by2GG9Irb',727),('dkleislet','noaktont@europa.eu','oO7aZT254ENj',30),('dlovearddz','mwoodburnedz@google.co.uk','6SEjmWCh',504),('dlowndesbrough5l','bgarton5l@furl.net','NbMeb8A7kS',202),('dlumsdall4','tfricker4@instagram.com','YUlfQuL',5),('dlydiatepp','ahullbrookpp@shop-pro.jp','ydbR05uyz2v',926),('dmanders74','wmaddams74@examiner.com','G9aMnH',257),('dmcelroyu','wdacku@walmart.com','w1ypdwY8em0J',31),('dneevesk','clammingk@jimdo.com','bpe7Z8HG',21),('doakhill8k','tperton8k@abc.net.au','p9jAkL',309),('dokeenanb1','onormadellb1@illinois.edu','VClJRE1nNUj',398),('dondrasekn1','ttantrumn1@princeton.edu','4zXIBgCl',830),('dpennaman3w','mkneeland3w@e-recht24.de','bcmtpbjAJ',141),('dphippin8m','rhawker8m@friendfeed.com','d5Bj06',311),('dpitkethly36','darnall36@foxnews.com','WfjMwThq10E',115),('dpundod','sbeneyod@mail.ru','HXCbbOEPAX',878),('drainsden6v','cmcasgill6v@wufoo.com','i2ZF0F54',248),('drodenburgh38','etedman38@youku.com','YFwJomup',117),('drojajw','ejeanneljw@fc2.com','rQznK9fZq',717),('dryding9j','edauncey9j@baidu.com','26LL1Ub2aNL',344),('dsantorinicz','dbehnkecz@google.de','uir4i3tG',468),('dsheddenjr','jgimsonjr@seattletimes.com','tQXVW2vdx',712),('dshinefieldl2','mdoumerl2@tinyurl.com','7NGjhPsZZ',759),('dsielykc','ndannehlkc@over-blog.com','CvYRrNjXYqdN',733),('dslaffordph','bcolerickph@t-online.de','Z2418s9',918),('dspadari8a','ahacket8a@ca.gov','cRlRCWTrRlQ',299),('dstockle7z','dhidderley7z@ucla.edu','Hw8nN6f82',288),('dswansborough30','gchristopher30@hostgator.com','6zko5VA',109),('dthirlawayiq','rpetyakoviq@trellian.com','RgOERiSU',675),('dthurbylw','istridelw@amazon.co.jp','3P69tu',789),('dtivnan3v','ahaythorne3v@reverbnation.com','mxNwmLaDd',140),('dtroddpi','hpittempi@businessweek.com','Bzb7AN5',919),('dwhitbyn8','frickcordn8@surveymonkey.com','REt329IB',837),('dyosifovdm','sesilmondm@independent.co.uk','XtGWOEDM',491),('ealesbt','bmolandbt@loc.gov','NnJAkV',426),('ealywinaq','klereaq@unc.edu','a3KIjKu4bJ',387),('earentq6','aprembleq6@sfgate.com','AiOLgkmfBFQY',943),('ebeartupky','asavaryky@elegantthemes.com','9glZDo',755),('ebelbin86','jtuxell86@usda.gov','GbzuXxQkxF',295),('ecabellbi','jfauschbi@indiatimes.com','ijCgDobHT7rW',415),('ecasottiek','wmackenek@sphinn.com','3Bq29hba',525),('ecastiglioni7w','ctabor7w@ed.gov','qdTYRMx0Fy',285),('echetwink3','citzchakik3@about.com','yymbCRgo',724),('echristmas3p','rgirkins3p@rakuten.co.jp','mMxUkJ30hi5r',134),('ecochernh1','jisach1@aol.com','7YKAnob',614),('ecolebornli','ajanczewskili@wix.com','ZZ2EWFL6BQI',775),('ecorrington9l','rgrabbam9l@eepurl.com','6pq8IEHZwwMU',346),('edenzey3n','dgowans3n@1und1.de','bJ7SS6mgZ',132),('edonisi81','mtotterdill81@imageshack.us','tEqnPl1yC',290),('eelcombbo','cmalenfantbo@skype.com','fFoeRiDSgW',421),('egrichukhanov5f','gida5f@shutterfly.com','7Oqdm0OzB',196),('ehillandh7','nbenzah7@jalbum.net','THW9IgtfXWAo',620),('elinfitt2c','vagnew2c@google.nl','eOtI1u1d',85),('elorenzettidv','wharfleetdv@plala.or.jp','HjRDKtF',500),('elydfordfl','lyushinfl@squarespace.com','hP7UOnv',562),('emilesapiu','fhaslamiu@prlog.org','WHhoXjp',679),('enayer6j','lphilliphs6j@aboutads.info','U12bCIj',236),('eobornelj','worrolj@aol.com','C6enqn',776),('eoleary1j','gflea1j@hibu.com','8JRcW0M',56),('eparringtonl8','rhastiel8@sogou.com','mHPrR8Co2',765),('epeskettd0','aleased0@netvibes.com','4Jyd8kpkCq',469),('eposkittlt','gpondelt@aboutads.info','Pm0Qo9vmj',786),('eputtanmy','mlochmy@cbsnews.com','tZt355QUgOGc',827),('erove4l','rmacrorie4l@chronoengine.com','S5iPp3MFTxcK',166),('esearjeanthy','gkilleleahy@jimdo.com','ClzafAK35SY',647),('eshillabeare5x','rbiggen5x@mac.com','2pMzbQRLzL',214),('etiffneydf','hpratchettdf@wikipedia.org','lAHzXx3Flw',484),('etreskecy','adolecy@netlog.com','QBoVP7t',467),('evermam0','dallsuppm0@chicagotribune.com','97Ja6b28hQ4C',793),('ewasonao','kmccrackemao@discovery.com','SbZJ5RaINCVg',385),('eweatherell2h','astolze2h@google.it','UMp9MM4Fd',90),('ewickstead1s','wgaylord1s@mail.ru','JP1bDF6Sxtse',65),('fabramovic3o','kharborow3o@sogou.com','zqAPjqPjkSFh',133),('fbeazeys','gmallams@google.fr','Pw6OFzFM5',29),('fbowkett7j','nbowkley7j@washingtonpost.com','9phgDB9fpFQ',272),('fcanetnp','lmcgowrannp@digg.com','SwCh5KkwcS',854),('fchessilha','lrobathamha@cbc.ca','SG7z5P',623),('fclimarq7','bcolvillq7@ovh.net','ydOkOZH',944),('fcolliholef3','lmantrippf3@tuttocitta.it','LhlCZ0HjI',544),('fepine1c','dketteman1c@dailymotion.com','2wFU3xS4h',49),('ffranies6i','jwincom6i@people.com.cn','XcnvWdeO9e',235),('fgarnham9p','aboseley9p@linkedin.com','PhL2lYtm7F',350),('fhardbattleaf','rwaylenaf@noaa.gov','6jSxis5pDcG',376),('fharmant4e','fsmyth4e@gnu.org','6Tqmy0ARXobW',159),('fheadon8l','nclewer8l@digg.com','T087oA1kXL',310),('fjefferys69','cgreason69@studiopress.com','VSBO01utcr2',226),('fjevon7l','hconradsen7l@forbes.com','E5lOfJk87Oka',274),('fkalkofen9o','babbets9o@auda.org.au','KjEAtN632SyP',349),('fkenninghamfk','jmcpakefk@yolasite.com','SIbnKjTzXJ9',561),('fkubat3q','rdenison3q@howstuffworks.com','tg43sYAjMuhQ',135),('fkuhlmeyar','eladelar@free.fr','ujsTnYgJqT',388),('flardgefv','cmantlefv@forbes.com','IDssxOHG',572),('fluisettiom','otomeom@vkontakte.ru','PGFQknzVFf',887),('fmcorkill3t','cangrock3t@about.me','EScgNnaDG99O',138),('fmellenbym1','pleadstonem1@shutterfly.com','vMmhtMh',794),('fmellonby1y','lhewkin1y@statcounter.com','AyER6kIG',71),('fnucciotti6n','gsandwich6n@netvibes.com','G2hdMGWyow',240),('fprudencegb','tswiersgb@networkadvertising.org','zTeXgNvHmyk0',588),('fsalsberg95','plintall95@marriott.com','gO4a5iXLPCJ',330),('fskein7a','hbeagles7a@printfriendly.com','5aR1n4tUVYB',263),('ftabrettmk','njohannmk@imageshack.us','RdgqTuWR4qa',813),('ftuleym4','tluckingsm4@howstuffworks.com','6HqQ6g0x1WQ',797),('fwaightgx','ftankusgx@comcast.net','UiUl16s',610),('galdusqb','mcudbirdqb@friendfeed.com','tt4H4c',948),('gbednellje','fdallaje@nhs.uk','5EmdtYWvP8h',699),('gbert87','vhought87@barnesandnoble.com','jHBCD5Zz',296),('gbevensfs','kbalazotfs@cnbc.com','Eq8ve0SPJaxL',569),('gbucher7s','mjohannesson7s@usgs.gov','mzroNV8MneGa',281),('gbudnikas','bmcconnalas@squidoo.com','0K5CyJ0suSS',389),('gcloneyj3','jdowerj3@blogtalkradio.com','gZE3uI3MdsSG',688),('gcuelcf','alightewoodcf@unc.edu','mcHEVqASk',448),('gdimeloelg','afaradaylg@dailymotion.com','o6B3yh',773),('gdorman1a','wfransman1a@networksolutions.com','JUgl5k',47),('gerikps','jdollingps@redcross.org','HGl4TbH',929),('gfranels','xpiserls@amazon.co.jp','pgfUKebtzIh',785),('ggubbingn','jpursegn@paginegialle.it','x28HzkQXOV',600),('ghardyh6','wkarlowiczh6@google.co.uk','Rr2VpdyE3B',619),('gheamne','dbillettne@accuweather.com','zvPjWE3rq95W',843),('gholehousep0','swaywellp0@newsvine.com','Pd9JqbpSID2g',901),('gingleyea','azoellnerea@google.nl','nMm7reR',515),('gjoanic8v','apolini8v@netlog.com','9l8lLmxB',320),('gkeemarih','lswireih@mashable.com','zN7oKbOkdH',666),('glabbez47','pfieldsend47@mlb.com','6mDOTGjWEGU',152),('glandis9y','rdrust9y@sphinn.com','xg5G1F5B',359),('glarking6s','tbridden6s@acquirethisname.com','VJcd93BV',245),('glutenj0','glevingsj0@globo.com','HijTFrl',685),('gmerrell9e','cdoogan9e@prlog.org','J9j71GgcXH',339),('gneathwaykd','ikeetchkd@wsj.com','TQNrAc',734),('gpickervanceem','acableem@techcrunch.com','kesCQfG2Ph',527),('gpiell1g','strenholme1g@si.edu','UYV0ZTs',53),('gplanksjm','kgodselljm@statcounter.com','18kCfnjzM',707),('grametj9','lsolomonj9@psu.edu','gUsnLeEL',694),('gromanskie5','bdutte5@google.fr','CpZs0HRieji2',510),('grosendahle','asoppe@squarespace.com','ume7E9uAOxV',15),('gscanderet94','aluggar94@paypal.com','oah06WE',329),('gschukertfd','rohanessianfd@lulu.com','pW5Ibmd4Qd',554),('gsholl10','hdyas10@auda.org.au','0gIDQt',37),('gstrivens1d','mgrigoletti1d@ibm.com','tKoNDLK3r',50),('gwilsteadg','jfranschinig@google.co.jp','mEUbdHHUI',17),('harnott4v','jgreener4v@macromedia.com','ikgk5I1wKRE',176),('hbegwell4y','jlidgett4y@geocities.jp','HlGxrN',179),('hbehneckenjp','gisakowiczjp@narod.ru','GKtctovIy',710),('hbroxholme3k','elathwell3k@reverbnation.com','SSEhDRHgCw',129),('hbulfordk5','rpiscok5@independent.co.uk','5N8Bxu',726),('hcalifornia2j','kerdes2j@ycombinator.com','XxOlRoi',92),('hcouveet','msarjeantet@sourceforge.net','ALPi08Gx6',534),('hcurrington1t','ifrotton1t@tripadvisor.com','Bljcj1s',66),('hdeeman52','wandriolli52@berkeley.edu','zwu16apjzZD',183),('hdinneen2b','ejankowski2b@sitemeter.com','t5AsUZp0o',84),('hdrillot7o','akinvig7o@etsy.com','NhBBT3LViX',277),('hdyasi2','jcussonsi2@edublogs.org','8LxMsyipfl',651),('hfairbourn6b','jwoodberry6b@bluehost.com','NjsMODwotT',228),('hfeldhorne2','bbehnene2@oakley.com','LePMGRM',507),('hhalwillp','jchataignierp@toplist.cz','FQRx53r3wZvC',26),('hhunter98','cimmer98@parallels.com','h8pz0N',333),('hjacquemetmt','msaterweytemt@oracle.com','nBJfmSA5',822),('hjillisb0','scorishb0@google.com.au','evCLob7uLON',397),('hkitchenmanni','tworviellni@wix.com','NWfh8n',847),('hkrughc','fdronhc@princeton.edu','tFOMDLhkKtQ',625),('hlorkine9','mchampnisse9@godaddy.com','ANMo7eW',514),('hochterlonie46','ecollinson46@indiegogo.com','zzi0VQyLW35b',151),('honionjf','cpechtjf@uiuc.edu','LXeLcv',700),('horrog','smcmichanog@yolasite.com','BaVQ7hg',881),('hpinshon6y','agalland6y@imdb.com','BnKvdxVHMw7k',251),('hpittaway4p','hogavin4p@paginegialle.it','fA0EVe',170),('hpluvier6z','ipykett6z@sciencedirect.com','0axQKzRL',252),('hprideg0','batchesong0@chron.com','92Jl9LENSvX',577),('hrichardsko','hforemanko@macromedia.com','9kw0WMzB3vTG',745),('hriddoch1w','rguitte1w@marriott.com','UuJDOdVE4cVq',69),('hsamter11','lfriedank11@redcross.org','NxjiSmZOfed',38),('hscrimshire66','dgodin66@irs.gov','naAIrNFDREY6',223),('hsetoncp','tcalbreathcp@taobao.com','tzV0QEJr6',458),('hshovelbottomo9','bdoddingo9@simplemachines.org','lJrCET',874),('htighti6','cballefanti6@mayoclinic.com','sq6E3qxfwcD',655),('htotmanoq','gdaryoq@purevolume.com','qGI7LyNKB',891),('hweatherleymw','mlownesmw@harvard.edu','76MQTqbf',825),('hworsnipin','syarntonin@ca.gov','2TickPh4GE',672),('iabramsky4f','hsharply4f@msn.com','t7x0YivyCrci',160),('ibleddon1i','iaguirrezabal1i@wisc.edu','ltQVewteHN',55),('iedelheitmc','afriedmanmc@t-online.de','3p8nqY8MR',805),('iguyverh9','cpeploeh9@sohu.com','iUEc2q',622),('ihunnicot0','pbattista0@canalblog.com','yr5UTI',1),('ikernockebb','aballingerbb@51.la','vpxHtHo8u2dx',408),('ikirvellfo','jarisfo@pbs.org','UHWKR7cXiGM',565),('ileggatq5','ddumbrellq5@sakura.ne.jp','NcXpAvlA4e7I',942),('imariaudmo','oastillmo@nyu.edu','SAbc7P5ABf0',817),('ironci1u','fmeenehan1u@craigslist.org','NDPeAgfc',67),('irussi1b','ecridge1b@hugedomains.com','24BJUI3',48),('isalvaticd','llowdercd@networkadvertising.org','weC5PW',446),('ithewless9c','edalyiel9c@theatlantic.com','miNZhxK',337),('iweinham1r','bdorken1r@purevolume.com','TSE3hQ8J',64),('iwhitchurchge','jreillyge@google.de','C09cIKQ',591),('jaimsonib','ngrebertib@elpais.com','a1XGpdxJo',660),('jandreuttid5','scored5@weibo.com','4DlJF4LQzxj',474),('jarmora','lriddlesa@amazon.co.uk','eAE9Wm7',11),('jbesantn4','bcattonn4@answers.com','VZoRo9423',833),('jbeurichbl','gsothebybl@cbsnews.com','RLyJlZQqHF',418),('jbiddle6h','tkorneluk6h@taobao.com','qAslD6RantZ',234),('jbilbeyep','fkoeppeep@chronoengine.com','9xLhpjR9bbn',530),('jcarefulldh','awhitlawdh@1688.com','9vE9aq5Xk',486),('jclucascb','jschoolcroftcb@google.com.hk','TusauK',444),('jcorrcm','rjuraszcm@yelp.com','NEB9WczQV',455),('jcorsellesd2','spetersond2@gnu.org','m6zroNpH',471),('jcrispho','emoorrudho@hc360.com','24jcvYo',637),('jdeackesjv','twarnejv@wordpress.com','7wLsUcyFdHLQ',716),('jdeperold','wblantld@foxnews.com','a9LGtdVs6D',770),('jdepkay','vpoliny@mediafire.com','SxFoZvkote',35),('jdevaneyo3','mbransbyo3@ezinearticles.com','9dDQ6efvs',868),('jdrewetc8','alopesc8@cnbc.com','nSzWQy',441),('jduffett90','kpiser90@joomla.org','SkJuqjxEG',325),('jdumperqc','emauldenqc@is.gd','K4NMzGyX',949),('jdurwardmz','tforcemz@surveymonkey.com','q5kCr1Rfk01S',828),('jfirbankses','smaithes@oracle.com','dhMTKEAZHO3',533),('jflippinioc','gwrightimoc@naver.com','UeoU0f5P',877),('jgillogleyen','nturgooseen@1und1.de','bb991En',528),('jgrowcockpt','ascottesmoorpt@toplist.cz','EZHmD1GFoiD',930),('jguagefj','aharwinfj@pbs.org','ms0L68iBJ',560),('jgurgem7','syakobowitchm7@infoseek.co.jp','nSQiIhHbB4',800),('jingletonff','ralesbrookff@squidoo.com','ZTwX69p8c',556),('jjanawayj7','apiserj7@parallels.com','08cu0bZyirF',692),('jjanicekfu','ppennuzzifu@yale.edu','vsz2Tuxnm',571),('jlindstedtgv','dmcclarygv@msu.edu','yXQ5DnDIqm',608),('jmaccallesternw','rgowrichnw@marriott.com','QPERx7J0qxi',861),('jmaywarddi','dbrayshawdi@linkedin.com','K0JVo8Z7',487),('jmccrumo5','dmathelino5@amazonaws.com','070MGV9011Fb',870),('jmixworthy5j','dsterrick5j@bluehost.com','zvCesOe',200),('jmoorseq','jmonelleeq@ucsd.edu','isBD5Pc4Cz5',531),('jnolin8j','pweathey8j@nih.gov','qy2HHT',308),('jpendleberyz','bprynz@apache.org','iizxx5',36),('jpeter65','afennick65@alexa.com','GQ1AeIkNq',222),('jprobetts8','aheinecke8@discuz.net','EfYIxskT',9),('jreignould9b','rspaule9b@dmoz.org','eVTbg7aEsGb9',336),('jrennels9v','aosbidston9v@people.com.cn','7tXWI1cx6V',356),('jsanscj','bfosdikecj@nasa.gov','3csbBPdFMM',452),('jskirveng6','hfernezg6@cnn.com','bvlcGoddZ',583),('jviccarsox','koreheadox@reuters.com','CiaUpT',898),('jwhytockag','uegeag@squarespace.com','DFx7vN6sdXbV',377),('kaingelci','jhatchci@netlog.com','burQuDh8dpL',451),('karchbutt73','vscimone73@hibu.com','USqteBH5eEaM',256),('kbartolomivis3g','sharrold3g@washington.edu','S5WPvkMdf4',125),('kbogartnc','isercombenc@slashdot.org','AteM3V',841),('kclifthz','ddomanskihz@opera.com','rvgvfHLeWmIK',648),('kcluelowej','kleviej@dedecms.com','jxkSVhgf',524),('kcrookstonab','mansteeab@eepurl.com','H7uuHpngAk',372),('kdignum2i','gpiens2i@issuu.com','rIh1d3BkoSC',91),('kferenc4q','jemons4q@umn.edu','rpAR6nXOSiiI',171),('kfullertonn5','ahughesn5@constantcontact.com','VjG4eH3QN',834),('kgeeve6r','civatt6r@cnn.com','JzGWwrzyIL1',244),('kgellately5d','satkyns5d@addthis.com','OlysjbFt',194),('kgustickems','tstanlickms@quantcast.com','Smu6tS',821),('khandke41','jpeschke41@macromedia.com','M4DRjABEP2C',146),('khazeldenejc','ekapelhofjc@google.es','nreeTMsObBHP',697),('khuitsonm6','bojedam6@hostgator.com','Penn6H3MTy',799),('kjurynn','jhenrychnn@ocn.ne.jp','GH4OAo',852),('kkelleymm','adopplermm@xing.com','3Tm6wSa',815),('kkleinmintzed','tgroveed@reverbnation.com','GhbJ98RlQp',518),('kkwieklc','mliccardilc@accuweather.com','TlNQGtL',769),('klangdon2x','cbiddell2x@t.co','MTk9qeZT',106),('klarking8e','lsteven8e@yale.edu','fXsbI9lM4',303),('kleall24','jferens24@apple.com','P5tkd9Z',77),('klegrovepe','njojicpe@amazon.co.jp','93zRTFxp8N',915),('kluthwood8q','jmcalroy8q@noaa.gov','hJHsTnRVBXaw',315),('kmacfadzean13','mwhitchurch13@oaic.gov.au','Mh6lIo8VZ',40),('kmccloud34','jpulley34@pbs.org','3pumil',113),('kmckiernannq','mselwaynq@wordpress.org','9OQDM22aQI',855),('kmilnegc','iminchellagc@google.com','o67RrvKvnk',589),('knewens4g','fjudgkins4g@paypal.com','aKtuVS',161),('kodooleyka','avampouilleka@youtube.com','6gc2u6yeKl',731),('kpetrovico4','ljouhandeauo4@nytimes.com','u6CnXy',869),('kpicardol9','kshobbrookl9@umich.edu','csePbHUU',766),('kporrittc6','sleddyc6@canalblog.com','a7VQJB',439),('ksaladin76','wfiander76@issuu.com','vhmfARTEg',259),('ksandellfe','hbeausangfe@rediff.com','TIXrrlgz4',555),('ksarllio','cgregorio@bloglovin.com','J9Vy0PnOS',673),('ksiern9','dsellyn9@discovery.com','ucBhkcnWw',838),('ksomerfield5','csannes5@globo.com','IhSEWA7s3HGG',6),('kstringman79','kadenet79@scribd.com','6VsJhqgeo89D',262),('kvergomu','bchaplynmu@ezinearticles.com','4Dj9UUP',823),('lagiusdj','lmatthisdj@paypal.com','nPqvYGLdJ',488),('lambrogellik0','aascroftek0@imdb.com','EyRNnsqRGc',721),('lbarck67','icrimmins67@nationalgeographic.com','t4EV20',224),('lbarnewillece','nadamovce@feedburner.com','PWxcvUSdRMZ',447),('lbennie39','lcuncliffe39@ask.com','nk4UTzI',118),('lboddis9','stropman9@nymag.com','2HEVjhIHd',10),('lbourgourdic','ehaskayneic@yolasite.com','NLQmOas',661),('lbraundd7','dfieldingd7@toplist.cz','TTYfjvPQ',476),('lbrazenor2z','owashbrook2z@spiegel.de','gnCrtqx',108),('lcoghlin9x','hlorincz9x@nytimes.com','Z86PWzss',358),('ldaveleynz','xgrayhamnz@example.com','o9dR3Gcvdsm',864),('ldearan54','fcaskie54@irs.gov','dHwZ1Pr',185),('ldelacote60','mbrager60@nyu.edu','VeJJ5pdUH',217),('ldenneygt','gmckoygt@newsvine.com','WnZOZ8Z',606),('ldillowaybe','delderfieldbe@slashdot.org','ASYgGi4fAVV',411),('ldougherd6','lvaneevd6@jiathis.com','hv96m8dw2C0',475),('ldullinghamaj','aflamankaj@cpanel.net','hhAAd7SXJWVB',380),('lfattore5c','rlaffling5c@multiply.com','5dleRg',193),('lfeaversjy','veykelboschjy@wunderground.com','flvX1ry5',719),('lfindereb','istringmaneb@wiley.com','GlMfvzQQf',516),('lflucksbk','lstourtonbk@engadget.com','aLuwjp6dFE9G',417),('lfrowen23','dlathleiffure23@psu.edu','Fj1Sjs3',76),('lgosnayhw','dcohrhw@plala.or.jp','xdpCIz1UuAJd',645),('lgracewood2g','rfear2g@craigslist.org','gdnodhNBVC8',89),('lhavenhandeg','hfahyeg@tinypic.com','lhvFGsFs3O',521),('lhumeoe','lboareroe@patch.com','FKaGNmwrxP',879),('liddyis','kmantleis@jiathis.com','CgFT3b',677),('ljuzek91','otenwick91@ca.gov','qiFyDYEoDzx',326),('llehrian2y','gshambroke2y@vkontakte.ru','IrbG6pSrWQ',107),('llerohan8o','ohamstead8o@mail.ru','YlE4uS0MCUr',313),('llithcowkr','emecokr@mapy.cz','vnxH8AKE',748),('llynch9d','bwink9d@bigcartel.com','CC70qeU',338),('lmcgluen2','nbuchettn2@cbslocal.com','MxY6E3REM',831),('lmogridgen0','fleckeyn0@google.com.br','wktLatqqYuz',829),('lnewbycn','dmeadmorecn@nps.gov','rOeuUcel6Q',456),('lokeenan14','cgoldring14@ezinearticles.com','UAtRY0',41),('lpeasbyiy','ocasesiy@rediff.com','9Bb4DAO',683),('lpriter2e','upanton2e@samsung.com','GODRP2akfE',87),('lrobynsp1','bsmithemanp1@de.vu','zXT0TmAgCd',902),('lroyankp','mdaunceykp@cbc.ca','t0OnSs',746),('lruusade','dgovenlockde@devhub.com','21U8cD5EMI',483),('lsambrook20','csoutherell20@wisc.edu','OodcjX1ySw5',73),('lsaundercockht','rdemongeotht@house.gov','4R3aIy',642),('lshillitoepw','wgarfirthpw@de.vu','6vO0ACzNC9z',933),('lshortink2','smuffk2@mac.com','mQ7hxvK',723),('lsimonittodl','coldknowedl@google.com.hk','vq7W61',490),('lskacel3y','azywicki3y@hostgator.com','DnLWnc',143),('lskippencu','eoscallancu@techcrunch.com','j4wCo6',463),('lstilemana8','apycocka8@google.it','EorKU4DWj',369),('ltanfieldx','mkasselx@pen.io','rY3KqFN8',34),('lthurley49','hadamson49@nsw.gov.au','ekpgCF',154),('ltregusto2','tughinio2@histats.com','l14yVCH3Z',867),('ltrevergq','gdixgq@soundcloud.com','24ve7kp',603),('ltrimming1l','caleveque1l@yellowbook.com','AsdNlGJycT',58),('lweekez','cmalterez@cbslocal.com','KiDaU09YwIe',540),('lwilfing3s','srender3s@wordpress.com','BhVUeTEd',137),('makeherstq8','ppaintenq8@hibu.com','zgkaq7fVU7',945),('mantramla','lrenolsla@go.com','bweJD7Zl',767),('mbabingtonpb','cbaughampb@vistaprint.com','Qmarcsgjswaq',912),('mbagley3r','rdomesday3r@princeton.edu','0B0JUpKQGTTB',136),('mbelliardf5','lbarribalf5@miibeian.gov.cn','UjnTyBzZ',546),('mbellinic7','yhowiesonc7@altervista.org','N8rC0kE',440),('mberk9z','tcornelius9z@marriott.com','DeBNagik',360),('mberndtssen6f','coronan6f@independent.co.uk','GI7tdS2ohaK',232),('mbowermanaw','dbratchellaw@biglobe.ne.jp','u9ACQ3jW',393),('mburwinj8','bmartenj8@topsy.com','XSkF9il',693),('mcaudrelierg5','adenzilowg5@zdnet.com','0I4jKv2wo7p',582),('mchattockfn','bhempshallfn@geocities.com','fvGDA0tY3zbI',564),('mcrainejn','mdumsdayjn@a8.net','KIehzw7D2ua',708),('mcreboehm','mlannenhm@ibm.com','81IqkfdTE6',635),('mcunniamdd','nabilowitzdd@theatlantic.com','gEYaXEXgNU',482),('mdeath3z','acanada3z@tmall.com','JjByQvJ',144),('mdimberlineo1','kcorderoyo1@mozilla.org','xbfw81',866),('mdwellyb8','vbushnellb8@spiegel.de','OBLAIXB',405),('menstong1','bnootg1@vk.com','dfAgk8RtfHk',578),('mezzleon','kskoughon@typepad.com','nwdpTRJ9N',888),('mflaubertak','egosenellak@unc.edu','Qn4f4uA6',381),('mfrankhamkj','iwhitebreadkj@scientificamerican.com','dZuPlH',740),('mfranssen1e','kcleveley1e@arizona.edu','Cdk2ndFQ',51),('mgironedp','falkinsdp@clickbank.net','mQ2GjT5',494),('mgrinishinaz','ccorkettaz@phpbb.com','aB9dq83AgkMW',396),('mhegggy','ggasquoinegy@blogtalkradio.com','qMJAqZ',611),('mjacqueminetdb','jpetrudb@yale.edu','3X5V7ET2ae',480),('mjacquesjh','sgauvinjh@gmpg.org','fd3cbXUzr',702),('mjedrzejewskynu','mmoxsomnu@homestead.com','cuyCzi',859),('mjeppensen3f','dledbury3f@businessweek.com','DwvdflBa1V',124),('mjimmisonav','clucianav@purevolume.com','1jmWgCx4Ylw',392),('mklaassenser','zfurberer@surveymonkey.com','S7L2sR4jzhmu',532),('mlicciardi6m','hsherrard6m@youku.com','XDSoPh',239),('mlinfootkn','sweedkn@is.gd','1r59GYYgN4',744),('mlongstaffoi','mcraythornoi@technorati.com','MfJSYSD',883),('mmcallesterd4','dsanchizd4@shutterfly.com','Vg19USct1',473),('mmcmurrughip','ybladenip@nytimes.com','bGouLpoGGerk',674),('mmuffordbx','olomasnybx@technorati.com','od3RZt9ELObD',430),('mnarrawaylp','reilerslp@umn.edu','imy1JisE7dIv',782),('mocarrolhu','bciccottihu@nih.gov','CMMs4cyImV',643),('mortsch','bkytleych@google.com.au','PIlZjmqnH32',450),('mparisspm','pducketpm@disqus.com','CQQCRvr',923),('mpendreighfi','cellitfi@php.net','tGSIbiUg',559),('mperettos','kbuckbyos@bandcamp.com','dSwJvPkx0e1U',893),('mpeskettlb','agodbaldlb@webnode.com','8qRce0Yf1dG6',768),('mrichfielda1','pwillmotta1@nsw.gov.au','KBZLmS',362),('mrichterhx','bwadhamhx@printfriendly.com','WCkJWJXC',646),('msamet59','slawlings59@ask.com','ZMlsLxYBhg',190),('msargant6','jhrinchishin6@google.pl','oEUCLcSlr7',7),('msedworthad','jvillagead@cbslocal.com','u6ODkA',374),('msimms29','mchadwen29@wufoo.com','aJi8WZTt',82),('mskellenlm','oberridgelm@gravatar.com','xaSgdE',779),('msutterfieldqd','cvedeshkinqd@gravatar.com','2MPBXTKm',950),('msygroves8u','kbiskupski8u@ow.ly','gCzY5xFRX',319),('mwadly3l','lsteart3l@blog.com','4L8qe6c6rS',130),('mwinskilllh','adelonglh@cloudflare.com','M8Y2UY',774),('mwoolston7m','gconaghy7m@tripod.com','73BxjVNBm4H2',275),('myegorchenkovix','fwalentaix@chron.com','XSRItqPm3z',682),('nbasey1v','bgorler1v@forbes.com','at1O2R',68),('nblondellns','amalimns@creativecommons.org','5KEo9Mv5',857),('nbortoluzzi33','lbuckles33@flavors.me','lOHJ0AF',112),('nbottelstonehs','mdavidovitzhs@fda.gov','5BTMZU',641),('nbritland7y','gbigglestone7y@imdb.com','i3Jb8XwqaZ',287),('ncampe32','leddicott32@nydailynews.com','JN5OqqmtjKW',111),('ncropbq','eachesonbq@nyu.edu','DsAnFw4A',423),('ndarcoj4','obretlandj4@mapquest.com','OIs4sjX4aX5',689),('ndenchhf','mcruikshankhf@opera.com','5KDkzcDAT',628),('ndhenin63','klumm63@artisteer.com','9gzBle47',220),('nfarndon88','jfeaveryear88@cloudflare.com','jgc7LpeH',297),('nfrantzeni7e','epriddie7e@miibeian.gov.cn','PtpVbgSHzkyB',267),('ngallon99','vconstant99@umich.edu','Bo9L7dug0VJq',334),('nharwick1p','vslipper1p@about.com','mN4EqBEi',62),('njohns5p','cswindells5p@tinypic.com','42fSfJSdj',206),('nkemmisgg','cabbatinigg@rambler.ru','nQQRqMIen2',593),('nlabbetoa','gmackinnonoa@springer.com','w3oXX4vsQQ',875),('nlambournedu','alangdaledu@imdb.com','dMOqbU',499),('nlarratlk','brushfordlk@barnesandnoble.com','66AXPW6hRgVN',777),('nloftsdq','chullesdq@toplist.cz','HdXgWEdFF',495),('nmackieson58','mhardesty58@goo.gl','Q70H9Yg',189),('nmoth4a','pmcgirr4a@forbes.com','hoJj1gVaz2',155),('nmouanbm','mmccreaghbm@jugem.jp','EbTf8iz',419),('nmuckian6u','nbywater6u@free.fr','mlU7Q612rGJ',247),('npandeybz','lfortesquieubz@cnbc.com','ax6ZxTONdn',432),('npawseyh2','hbartlomiejczykh2@exblog.jp','Dyl0cXl7nC7',615),('npybworthev','sgorrickev@flavors.me','9SdEKZR6NkvE',536),('nscroyton3h','mharriday3h@state.tx.us','ZwGwmVCVit',126),('nsteenmq','egreatrakesmq@prnewswire.com','k9167Zls2awl',819),('ntapleyle','bmcraele@g.co','Cnu7v9NYyF',771),('nternault7g','dhaslewood7g@cyberchimps.com','0uxhkM',269),('nthorndycraftn6','mphlippin6@apache.org','agd85jj2syx',835),('ntidboldca','zsutherbyca@networksolutions.com','uQs4an',443),('nvampouillei','apicotti@foxnews.com','mCA4wCHquh',19),('nwibberley3j','sbaskett3j@163.com','KTIRf00kNmO',128),('nwilsherp8','efeldererp8@narod.ru','TzRoCvJ',909),('nwintersgillov','acowlamov@myspace.com','e8LapC2eQ1',896),('oaldhous40','aspradbery40@rambler.ru','qjrMl6nYH0m',145),('obackhouse9k','nmylechreest9k@pinterest.com','VmVnsPH',345),('obraid4b','lhartburn4b@vk.com','SSLf2Sy5bVU',156),('obraycottonjj','gskellonjj@irs.gov','Ivasas',704),('oclash9r','apetticrow9r@reuters.com','5VbJJIr8a1R9',352),('oforestelie','wgiddensie@vimeo.com','OxkZbJ',663),('ogronoweey','mdresseley@npr.org','X0z7GXQ1hn',539),('ohowley83','gchristy83@fc2.com','OghH6z5YfnQL',292),('olapishbn','aduchartbn@icio.us','fhMC9ZILUqw',420),('opieronikf','jbeckfordkf@howstuffworks.com','I69pwqo',736),('opriddisnt','sstolbergnt@slate.com','OAf3sk1',858),('orainsdonnr','ebassonnr@ebay.co.uk','6g4yTXBQ2lG',856),('osintonmn','hstollenhofmn@t.co','l05OOl',816),('osummerbell7t','nmarjanski7t@lulu.com','GobGFI48X',282),('owadleyco','arowesbyco@wix.com','MUYz3v3tA',457),('pallgoodaa','trivelonaa@marketwatch.com','vQszKJro',371),('pbalcers4k','kminot4k@surveymonkey.com','swO2km',165),('pbarckebp','gseymerbp@marketwatch.com','wiTlrKYBB',422),('pbaroche2n','mbazek2n@businessinsider.com','Emkppl',96),('pbidnallb3','amacgillreichb3@cloudflare.com','DldZhcp6S',400),('pbierlingef','jjouanninef@icq.com','ZVpPWEkJX',520),('pbosse6o','aboldero6o@wp.com','c7RNIpXw',241),('pbraunfeldfc','jpressleefc@omniture.com','4JATWte',553),('pcalven6p','dconradie6p@sohu.com','mdQOdiQY',242),('pcheasman6t','bcollyer6t@posterous.com','oLlIasfIiNS',246),('pdesaurja','fbabbsja@stanford.edu','ofDvGEaA',695),('pezzy1f','dnormand1f@wikia.com','c3UuLLGgXMg',52),('pfewgd','rgaffongd@google.it','wH5vrUngmLsu',590),('phamonkv','mjamarykv@who.int','BoQrUx1',752),('phancill2r','tcarss2r@admin.ch','hEV1nx',100),('phartwelloz','rbentsenoz@icio.us','VeD5VnvDZ',900),('phayhurstii','ehaylerii@exblog.jp','rKaQ82lwjOT',667),('pilden48','jgras48@nbcnews.com','DoPcffbV9x',153),('pinstrell3d','obacop3d@msu.edu','sLhSQ5p',122),('pjurewiczpu','sobertpu@sogou.com','qM5TFlymu',931),('pkinnachg8','glohdeg8@addthis.com','QAD8Vsv14v',585),('planghorn5o','glongthorn5o@blinklist.com','81OFPgl',205),('plearoydke','cbynertke@ovh.net','DGxr70ELuh',735),('pmarques2s','cgiveen2s@trellian.com','FB4ThPIBAr',101),('pmiereae','rseakinae@ehow.com','zoPufoez',375),('pmulroygu','jevennettgu@shutterfly.com','klyPg7r0zy',607),('ppennazzids','eloudonds@google.cn','fJSGM3z',497),('propkinsmd','mmagauranmd@webnode.com','AAICQVuUcl',806),('psapirdk','smuffettdk@etsy.com','K3OyvzH',489),('pschurigpn','bbunsonpn@oakley.com','Mcp6dR',924),('pshermepr','tfustpr@lulu.com','Gk5mCTspoLc',928),('pskarrap','mgilloolyap@list-manage.com','WJuO9Ou3ffb0',386),('pstrongitharmmx','afacchinimx@nhs.uk','6sXm4k14HlS',826),('ptimmesi3','pcardewi3@plala.or.jp','9Hv4s4crF',652),('ptynewellj6','hduinkerkj6@a8.net','CgmHlmr2iv',691),('qdedericklr','bsterrylr@newsvine.com','ppugEJBkv',784),('rachesonju','pmarchentju@jimdo.com','7a4OUI',715),('rattewillir','pviccarsir@google.co.uk','SaZGvK8Q',676),('rbaldcocknj','gnilgesnj@wufoo.com','92z7afR',848),('rbangley2t','hreynoldson2t@blogger.com','fa6UjYsINPpg',102),('rbaniardfb','cleatherfb@cafepress.com','lUNKW5fo7',552),('rbedboromp','astanfieldmp@tripadvisor.com','pqpWKe',818),('rbendixen6k','dyeomans6k@illinois.edu','KOWpnNfw2v',237),('rbrazearlq','iiddonslq@ucsd.edu','mUDUPwFClmcj',783),('rbuckelc4','stizardc4@ucoz.com','EqdSL1ILXs',437),('rbutterworthd1','wtuffelld1@army.mil','MKvYRn7tckgt',470),('rcardisbd','ddannettbd@umich.edu','ogrLUIWayQEm',410),('rchampv','sdroghanpv@kickstarter.com','uLLVBuynLn',932),('rcurwen9t','gpeckett9t@amazon.de','sv7E5b',354),('rdaughtrey61','vsommersett61@oakley.com','XrgetjpPCss',218),('rdibble57','dgundrey57@eventbrite.com','6wVaj4',188),('rdurnfordjo','idineenjo@dropbox.com','5psdfEBIf',709),('remsleyl7','ikitleel7@yelp.com','ETjWKpUasw',764),('rexone4','smocquere4@newyorker.com','BLoLAXyX1',509),('rfalljd','acowlinjd@princeton.edu','D00JBMS9wCMr',698),('rfirpohp','gcooplandhp@va.gov','6CYeNIrWww',638),('rgobbeth','dchildeh@state.tx.us','Y3tKdRw',18),('rheadlandbc','fsyalvesterbc@google.fr','EMVBafQTZG',409),('rhearndenpy','ademangeotpy@dell.com','4xGHI2JT',935),('rheynen8x','sedel8x@studiopress.com','J4yYqvZD',322),('rhiddsleye7','fdrinkele7@naver.com','TUJIjn17Dv',512),('rhoflern3','bfinleyn3@hao123.com','X1kc2buM6ImS',832),('rjanuszkiewicznk','bokennynk@blogs.com','YJvdTr',849),('rjewell80','cbucher80@symantec.com','EkCoCwkKpJH0',289),('rkeddieby','lgrasonby@mapquest.com','p7UC7t',431),('rkemeryfm','nbindleyfm@google.nl','LmVKTHmIQ',563),('rkroon84','gdenty84@arstechnica.com','aVHgVt411QW',293),('rlauridsenel','cbarkeel@sogou.com','Rkdqt3SlFfi',526),('rlawlanhb','pmccleanhb@noaa.gov','4BOWs2YD73K',624),('rluparti4o','tmacrannell4o@com.com','tfEr8zZ',169),('rmackombcr','vheamuscr@microsoft.com','7pcrS7',460),('rmacsorley7p','mfergyson7p@skype.com','r9FSovOrXv5h',278),('rmahaffey1z','tcrooks1z@businessweek.com','P4Q5OILxW',72),('rmaharryhd','theistermannhd@artisteer.com','kYvzJya7PA',626),('rmaudling2l','aaldwich2l@themeforest.net','NMImFTzJZ',94),('rmenendescl','ewhickmancl@example.com','7pfGsL',454),('rmilksopl5','kphillinsl5@webs.com','wEUXzgEqvnS',762),('robert37','csalvatore37@de.vu','PDLEFvqkncI1',116),('rocoskerryay','kzamboniniay@4shared.com','iJWkmmfYipU',395),('rpena8n','rdeelay8n@webmd.com','HGExZZsdc1b',312),('rribaik','cvanderveldenik@oracle.com','SaeRCRe4',669),('rrichardonny','tneggrininy@loc.gov','PZYtyphZ',863),('rrivalei','sborelandei@java.com','8ptepbtI',523),('rroof4w','mvolonte4w@usatoday.com','oPOoav0v',177),('rtoyemh','ncocklinmh@arizona.edu','cwasDz4mlHH',810),('rwatsham4t','preach4t@ebay.com','Af1J6L',174),('saudleye6','bstrasee6@cbc.ca','ZKCQ663',511),('sbartoleynid','aprangleyid@desdev.cn','e12hBq2NFI',662),('sbaulchc','tshephardc@gnu.org','0Ol2kTWH0',13),('sbirthgm','asharkgm@netlog.com','PnM1bJTL',599),('sbockh2o','adeny2o@wired.com','48VQBC780',97),('sbuckenhilli4','rthali4@cnet.com','gTDRuTR',653),('sbullimore7v','acrabbe7v@foxnews.com','xVFKF1P',284),('scaultonop','gpinchop@moonfruit.com','jPGqbRE36',890),('scraythorne5z','bgostall5z@barnesandnoble.com','2HE1Nrj6smQ',216),('scrichleymj','chedinmj@census.gov','3qNDJ20i3',812),('sdannohlb6','hraxworthyb6@house.gov','smVHZ9CAC8z',403),('sdovidaitisoh','ikeareyoh@wix.com','dvNR2M',882),('sdragoe2k','scanellas2k@aol.com','zCvKHKZ0ct',93),('seltot','egrimmertot@yahoo.com','ERs2lI7VbjW',894),('sfazzioli55','splayhill55@gmpg.org','qqHWwbq',186),('sferryman5r','lilyasov5r@rambler.ru','WBNMyXiKfBP',208),('sfinankb','oeskriggkb@hud.gov','CjFeZYD',732),('sgeroldga','craeburnga@paypal.com','T4DIM8R',587),('sgirtinnv','zlotsnv@wikispaces.com','I9zzbOO',860),('sgivefx','msufffx@cargocollective.com','Nw5glh',574),('sgronwa6','ggeaneya6@constantcontact.com','g0qvfVT9AP',367),('shattq1','gottleyq1@fotki.com','iFVXRhBii',938),('shaylesdx','agoridx@twitter.com','6KYDUs',502),('showes5g','hswalteridge5g@usatoday.com','3sCAwU',197),('shucker15','ahitzke15@domainmarket.com','G0FxIgZK7s',42),('shunsworthk4','nbertrandk4@prnewswire.com','s3LnjNw24',725),('sibellhe','bweekshe@jimdo.com','i0RAhFsO',627),('sidillpg','mschaperopg@hubpages.com','J4NQI0J074n',917),('sjakof7','fhrynczykf7@cornell.edu','FgCXbPH',548),('sjorikz','rhalegarthkz@netscape.com','2fjrSBD',756),('skohring89','kverrier89@jalbum.net','JEFL4p',298),('slarkinggp','dschottligp@nydailynews.com','n86u9K6pM6s',602),('slefridgec2','adomnineyc2@blog.com','8Xuv51x58rzY',435),('sleser7x','bbaribal7x@mozilla.org','GOWQq5',286),('slorend8','zormerodd8@google.nl','jcbo5P',477),('slygoea7','nrickcorda7@theatlantic.com','3siEbtPQdjk',368),('smacmakina5','grankinga5@about.com','V4XmVg89TdT',366),('smacmichaell3','mgoshawkl3@360.cn','5XR9t76',760),('smallebonek1','mricketsk1@twitpic.com','oQZTq6',722),('smccombekk','lgravestonkk@woothemes.com','xqd3jsVXcY81',741),('smcginnishl','mschadehl@jiathis.com','mnA0LSsUA',634),('smourge9n','cizakoff9n@etsy.com','wMkQmdx',348),('smurtymb','mgerglermb@hibu.com','k1M2fckZMp',804),('snock22','jbentsen22@webmd.com','DkG2qI2iB',75),('soharanh','rclapshawnh@tmall.com','v6hRxyDs',846),('spaolo2','jmueller2@state.tx.us','5E5UuxjG6',3),('sratteryp6','azannelip6@smugmug.com','N2tLJwFRP5',907),('srekesbr','acastonbr@networksolutions.com','C3wLs9SP',424),('srosenstengele3','mprattone3@nifty.com','alO13x',508),('srouthorndc','modomdc@latimes.com','wMonSpXxR',481),('sspenclayl4','emacdonnelll4@amazonaws.com','I0WAVUT3t1s9',761),('ssquelchm3','clinsleym3@wiley.com','2ai2yo8',796),('sstruther4i','obeauchamp4i@disqus.com','Y7wPbh',163),('stesdaleq0','dsandryq0@guardian.co.uk','OCqh60q11p3',937),('sturnbull45','feam45@addthis.com','1N9tOCVjDf4',150),('svenediktov9q','crushbury9q@mozilla.com','U1jQt93dW2ME',351),('svigarex','noaksex@examiner.com','PlVGpl5nPt8p',538),('swestreyjb','rjanaudjb@qq.com','v74eWMwcJ',696),('swiles4r','schatfield4r@usatoday.com','yT0XiPZRF7',172),('swoolvetta4','jhagertya4@jimdo.com','u6e6My5',365),('talldenlu','dcurrylu@dedecms.com','xDdm41',787),('tarminil','cdeavinil@nature.com','f36cBWUsJL',670),('tauton6w','jdignall6w@usgs.gov','DcnP5fOrkT',249),('tbollettidy','struluckdy@wix.com','lA3wvcO',503),('tcharitycg','jrickaertcg@accuweather.com','knl8V3n8ESyc',449),('tconibearhr','hoverhr@diigo.com','Pxcr8FdYDkt',640),('tcreighton5t','mbridgen5t@odnoklassniki.ru','uVMoJdM073',210),('tdongallp2','scansdillp2@ezinearticles.com','bd5wF4yqORC',903),('tdunbleton5u','flandrick5u@tumblr.com','QAL9JXapV',211),('tdyhouse2m','arippingale2m@discovery.com','UCXxqTGWzo',95),('tfostersmithmv','trastrickmv@1688.com','z90pCyJ',824),('tgoodyearmf','romondmf@1688.com','FH6a4IeV',808),('tgreghma','btraylenma@yale.edu','5p00bCNSDYA',803),('tguagea0','aglasscocka0@tripadvisor.com','Gr4Fxcc',361),('thallfordkt','rspellmankt@fotki.com','7mqAO3',750),('thowselee75','dsneesby75@ihg.com','SVpFx0rB04G',258),('tkenforthq9','vfearneyq9@wsj.com','VsqJl4c',946),('tmckieh0','fblackmoorh0@bloglovin.com','3Z5UmER',613),('tmerrall17','wjacox17@i2i.jp','D9TkkCB883op',44),('tmerriganshq','lblundonhq@bbb.org','KDCgKHbq2tLH',639),('tmosdelld9','pspadollinid9@goo.gl','2wyRS3Z5e',478),('tnenddr','jwitzdr@merriam-webster.com','xCxDEcUf',496),('tnergeriv','mlintoniv@businesswire.com','cjEsrsq',680),('tnormandalepa','tochterlonypa@simplemachines.org','9PD62636',911),('tohenery3e','cmaccart3e@infoseek.co.jp','fTybrUOj8KFW',123),('tounsworth6x','dburberow6x@1688.com','PorHJTks',250),('tpauwel7c','jpoizer7c@chronoengine.com','cNkIr1gXKlX',265),('tpelcheur62','awalder62@sogou.com','d3QhMjv',219),('tpeopleq2','nchatwoodq2@moonfruit.com','FFK6Xx4C',939),('tprivostk9','fjerremsk9@amazon.co.jp','v2zMTF2nGFlx',730),('tsherelj1','rlongdonj1@behance.net','sZ5Whtm',686),('tstainsbyjx','cnormanvilljx@squarespace.com','1iNsxYd',718),('ttheze7q','scalton7q@1688.com','WzRohxopd9',279),('tweatherupj','nleafj@vkontakte.ru','MKToDYi',20),('twissonee','akirknessee@foxnews.com','ee1FBKJYAS',519),('umcphateam','schurchmanam@geocities.jp','1KCv1swmz',383),('umoxsonpl','lprawlepl@mozilla.org','OSy5OlgTAN1q',922),('usurmeyerscs','cjoplincs@blinklist.com','XplooQ',461),('vbiddulphal','blovelandal@arizona.edu','oNmTwXUF',382),('vbirtwhistle8y','dpettis8y@vkontakte.ru','WjVZxnF2eO1',323),('vbonnyan','bgaiteran@stumbleupon.com','ayD1XF',384),('vcouplandi8','jboneri8@cbc.ca','gUT7xg',657),('vderisley5h','mlindbergh5h@parallels.com','Fj2o9PP',198),('veloyia','jharbottleia@blog.com','XyyHs32',659),('vholleran82','ctopling82@ox.ac.uk','ZAMVvTgG0H',291),('vklimushev2f','cdreghorn2f@bbb.org','jt3p22wYk',88),('vloveland27','ntingey27@constantcontact.com','6vUfl1xO',80),('vmcdaido6','dmineto6@unblog.fr','B3HngcYNk',871),('vmcdavidgj','kcannicottgj@addthis.com','ftsYWRn26C',596),('vnettlehn','hpostianshn@dailymotion.com','N3H8WIjLtKxh',636),('votimonykw','ggiannassikw@home.pl','lEP3i7zTEr',753),('votoweyw','ghendrickw@flavors.me','VUHtihmoB1d',33),('vpampliniz','kcossansiz@vinaora.com','4pahP0LBGhxl',684),('vpickerinp5','kkowalikp5@youku.com','CXEWHYsYzOuB',906),('vruckmanij','loleksiakij@qq.com','d3iwaY',668),('vsuddell4u','rbattams4u@drupal.org','uYQl46FJT',175),('wcarisnx','idanieliannx@altervista.org','lubod0IvkA0',862),('wcherrymano','aoffino@economist.com','c1VJAslY',25),('wchichgar4n','cbodley4n@reference.com','Kvc1vTk',168),('wcorsar6l','sgrovier6l@illinois.edu','G6K2RUGhgfZ',238),('wcrampseykx','bhawardenkx@mysql.com','GzwxZjTfv1',754),('wdeering2q','dnolton2q@rakuten.co.jp','Kx0L2ws',99),('weakleehj','cobroganehj@nih.gov','9epwAOK2u',632),('wgelderd77','cmacgee77@stanford.edu','QRLC0t',260),('wginley51','mstrowlger51@php.net','ImfZ3yv',182),('whagardq','kwainmanq@g.co','lcGhtZvtwxk',27),('wheffrongo','ltrewgo@msn.com','kUhpFF7s',601),('wjanuszcx','jcampionecx@technorati.com','Sxq5T42',466),('wkestertonol','sgairdnerol@tumblr.com','PgrI9pO',886),('wlammiman8g','eblaker8g@intel.com','MvRXdBzU',305),('wmerrikin2v','smckleod2v@baidu.com','1H07Vlq',104),('wmeuser','cchampnissr@seattletimes.com','mEhM9u6YHl',28),('wmurrillkh','xstroobandkh@addthis.com','g7BQLkJiYML',738),('wpenhaligonml','hseatonml@cbsnews.com','UQFYrzhR0kud',814),('wrylattbh','vdalrymplebh@google.co.uk','GouPMd2sbVA',414),('wrytonpo','shuychepo@newyorker.com','JunHNRSUgk',925),('wsirljl','aocheltreejl@etsy.com','peldImJrG0',706),('yarmellkl','jcawtekl@t.co','vcsAlVkpfEOu',742),('ycordeyb','amerryweatherb@nba.com','3yvNdnfa2DF',12),('zaldersok','bsigginsok@senate.gov','fCLRzXKml8oQ',885),('zbedborough1n','shovell1n@reference.com','C0YouqjJ',60),('zfountaingw','sbrooktongw@ustream.tv','kE4w3S',609);
/*!40000 ALTER TABLE `accounts` ENABLE KEYS */;
UNLOCK TABLES;

--
-- Temporary view structure for view `accounts_info`
--

DROP TABLE IF EXISTS `accounts_info`;
/*!50001 DROP VIEW IF EXISTS `accounts_info`*/;
SET @saved_cs_client     = @@character_set_client;
/*!50503 SET character_set_client = utf8mb4 */;
/*!50001 CREATE VIEW `accounts_info` AS SELECT 
 1 AS `username`,
 1 AS `email`*/;
SET character_set_client = @saved_cs_client;

--
-- Table structure for table `buyers`
--

DROP TABLE IF EXISTS `buyers`;
/*!40101 SET @saved_cs_client     = @@character_set_client */;
/*!50503 SET character_set_client = utf8mb4 */;
CREATE TABLE `buyers` (
  `customer_id` int NOT NULL,
  PRIMARY KEY (`customer_id`),
  CONSTRAINT `buyers_ibfk_1` FOREIGN KEY (`customer_id`) REFERENCES `customers` (`customer_id`) ON DELETE CASCADE
) ENGINE=InnoDB DEFAULT CHARSET=utf8mb4 COLLATE=utf8mb4_0900_ai_ci;
/*!40101 SET character_set_client = @saved_cs_client */;

--
-- Dumping data for table `buyers`
--

LOCK TABLES `buyers` WRITE;
/*!40000 ALTER TABLE `buyers` DISABLE KEYS */;
INSERT INTO `buyers` VALUES (15),(16),(17),(18),(19),(20),(21),(22),(23),(24),(25),(26),(27),(28),(29),(30),(31),(32),(33),(34),(35),(36),(37),(38),(39),(40),(41),(42),(43),(44),(45),(46),(47),(48),(49),(50),(51),(52),(53),(54),(55),(56),(57),(58),(59),(60),(61),(62),(63),(64),(65),(66),(67),(68),(69),(70),(71),(72),(73),(74),(75),(76),(77),(78),(79),(80),(81),(82),(83),(84),(85),(86),(87),(88),(89),(90),(91),(92),(93),(94),(95),(96),(97),(98),(99),(100),(101),(102),(103),(104),(105),(106),(107),(108),(109),(110),(111),(112),(113),(114),(115),(116),(117),(118),(119),(120),(121),(122),(123),(124),(125),(126),(127),(128),(129),(130),(131),(132),(133),(134),(135),(136),(137),(138),(139),(140),(141),(142),(143),(144),(145),(146),(147),(148),(149),(150),(151),(152),(153),(154),(155),(156),(157),(158),(159),(160),(161),(162),(163),(164),(165),(166),(167),(168),(169),(170),(171),(172),(173),(174),(175),(176),(177),(178),(179),(180),(181),(182),(183),(184),(185),(186),(187),(188),(189),(190),(191),(192),(193),(194),(195),(196),(197),(198),(199),(200),(201),(202),(203),(204),(205),(206),(207),(208),(209),(210),(211),(212),(213),(214),(215),(216),(217),(218),(219),(220),(221),(222),(223),(224),(225),(226),(227),(228),(229),(230),(231),(232),(233),(234),(235),(236),(237),(238),(239),(240),(241),(242),(243),(244),(245),(246),(247),(248),(249),(250),(251),(252),(253),(254),(255),(256),(257),(258),(259),(260),(261),(262),(263),(264),(265),(266),(267),(268),(269),(270),(271),(272),(273),(274),(275),(276),(277),(278),(279),(280),(281),(282),(283),(284),(285),(286),(287),(288),(289),(290),(291),(292),(293),(294),(295),(296),(297),(298),(299),(300),(301),(302),(303),(304),(305),(306),(307),(308),(309),(310),(311),(312),(313),(314),(315),(316),(317),(318),(319),(320),(321),(322),(323),(324),(325),(326),(327),(328),(329),(330),(331),(332),(333),(334),(335),(336),(337),(338),(339),(340),(341),(342),(343),(344),(345),(346),(347),(348),(349),(350),(351),(352),(353),(354),(355),(356),(357),(358),(359),(360),(361),(362),(363),(364),(365),(366),(367),(368),(369),(370),(371),(372),(373),(374),(375),(376),(377),(378),(379),(380),(381),(382),(383),(384),(385),(386),(387),(388),(389),(390),(391),(392),(393),(394),(395),(396),(397),(398),(399),(400),(401),(402),(403),(404),(405),(406),(407),(408),(409),(410),(411),(412),(413),(414),(415),(416),(417),(418),(419),(420),(421),(422),(423),(424),(425),(426),(427),(428),(429),(430),(431),(432),(433),(434),(435),(436),(437),(438),(439),(440),(441),(442),(443),(444),(445),(446),(447),(448),(449),(450),(451),(452),(453),(454),(455),(456),(457),(458),(459),(460),(461),(462),(463),(464),(465),(466),(467),(468),(469),(470),(471),(472),(473),(474),(475),(476),(477),(478),(479),(480),(481),(482),(483),(484),(485),(486),(487),(488),(489),(490),(491),(492),(493),(494),(495),(496),(497),(498),(499),(500),(501),(502),(503),(504),(505),(506),(507),(508),(509),(510),(511),(512),(513),(514),(515),(516),(517),(518),(519),(520),(521),(522),(523),(524),(525),(526),(527),(528),(529),(530),(531),(532),(533),(534),(535),(536),(537),(538),(539),(540),(541),(542),(543),(544),(545),(546),(547),(548),(549),(550),(551),(552),(553),(554),(555),(556),(557),(558),(559),(560),(561),(562),(563),(564),(565),(566),(567),(568),(569),(570),(571),(572),(573),(574),(575),(576),(577),(578),(579),(580),(581),(582),(583),(584),(585),(586),(587),(588),(589),(590),(591),(592),(593),(594),(595),(596),(597),(598),(599),(600),(601),(602),(603),(604),(605),(606),(607),(608),(609),(610),(611),(612),(613),(614),(615),(616),(617),(618),(619),(620),(621),(622),(623),(624),(625),(626),(627),(628),(629),(630),(631),(632),(633),(634),(635),(636),(637),(638),(639),(640),(641),(642),(643),(644),(645),(646),(647),(648),(649),(650),(651),(652),(653),(654),(655),(656),(657),(658),(659),(660),(661),(662),(663),(664),(665),(666),(667),(668),(669),(670),(671),(672),(673),(674),(675),(676),(677),(678),(679),(680),(681),(682),(683),(684),(685),(686),(687),(688),(689),(690),(691),(692),(693),(694),(695),(696),(697),(698),(699),(700),(701),(702),(703),(704),(705),(706),(707),(708),(709),(710),(711),(712),(713),(714),(715),(716),(717),(718),(719),(720),(721),(722),(723),(724),(725),(726),(727),(728),(729),(730),(731),(732),(733),(734),(735),(736),(737),(738),(739),(740),(741),(742),(743),(744),(745),(746),(747),(748),(749),(750),(751),(752),(753),(754),(755),(756),(757),(758),(759),(760),(761),(762),(763),(764),(765),(766),(767),(768),(769),(770),(771),(772),(773),(774),(775),(776),(777),(778),(779),(780),(781),(782),(783),(784),(785),(786),(787),(788),(789),(790),(791),(792),(793),(794),(795),(796),(797),(798),(799),(800),(801),(802),(803),(804),(805),(806),(807),(808),(809),(810),(811),(812),(813),(814),(815),(816),(817),(818),(819),(820),(821),(822),(823),(824),(825),(826),(827),(828),(829),(830),(831),(832),(833),(834),(835),(836),(837),(838),(839),(840),(841),(842),(843),(844),(845),(846),(847),(848),(849),(850),(851),(852),(853),(854),(855),(856),(857),(858),(859),(860),(861),(862),(863),(864),(865),(866),(867),(868),(869),(870),(871),(872),(873),(874),(875),(876),(877),(878),(879),(880),(881),(882),(883),(884),(885),(886),(887),(888),(889),(890),(891),(892),(893),(894),(895),(896),(897),(898),(899),(900),(901),(902),(903),(904),(905),(906),(907),(908),(909),(910),(911),(912),(913),(914),(915),(916),(917),(918),(919),(920),(921),(922),(923),(924),(925),(926),(927),(928),(929),(930),(931),(932),(933),(934),(935),(936),(937),(938),(939),(940),(941),(942),(943),(944),(945),(946),(947),(948),(949),(950);
/*!40000 ALTER TABLE `buyers` ENABLE KEYS */;
UNLOCK TABLES;

--
-- Table structure for table `carts`
--

DROP TABLE IF EXISTS `carts`;
/*!40101 SET @saved_cs_client     = @@character_set_client */;
/*!50503 SET character_set_client = utf8mb4 */;
CREATE TABLE `carts` (
  `cart_id` int NOT NULL AUTO_INCREMENT,
  `customer_id` int NOT NULL,
  PRIMARY KEY (`cart_id`),
  UNIQUE KEY `customer_id` (`customer_id`),
  CONSTRAINT `carts_ibfk_1` FOREIGN KEY (`customer_id`) REFERENCES `buyers` (`customer_id`) ON DELETE CASCADE
) ENGINE=InnoDB AUTO_INCREMENT=937 DEFAULT CHARSET=utf8mb4 COLLATE=utf8mb4_0900_ai_ci;
/*!40101 SET character_set_client = @saved_cs_client */;

--
-- Dumping data for table `carts`
--

LOCK TABLES `carts` WRITE;
/*!40000 ALTER TABLE `carts` DISABLE KEYS */;
INSERT INTO `carts` VALUES (1,15),(2,16),(3,17),(4,18),(5,19),(6,20),(7,21),(8,22),(9,23),(10,24),(11,25),(12,26),(13,27),(14,28),(15,29),(16,30),(17,31),(18,32),(19,33),(20,34),(21,35),(22,36),(23,37),(24,38),(25,39),(26,40),(27,41),(28,42),(29,43),(30,44),(31,45),(32,46),(33,47),(34,48),(35,49),(36,50),(37,51),(38,52),(39,53),(40,54),(41,55),(42,56),(43,57),(44,58),(45,59),(46,60),(47,61),(48,62),(49,63),(50,64),(51,65),(52,66),(53,67),(54,68),(55,69),(56,70),(57,71),(58,72),(59,73),(60,74),(61,75),(62,76),(63,77),(64,78),(65,79),(66,80),(67,81),(68,82),(69,83),(70,84),(71,85),(72,86),(73,87),(74,88),(75,89),(76,90),(77,91),(78,92),(79,93),(80,94),(81,95),(82,96),(83,97),(84,98),(85,99),(86,100),(87,101),(88,102),(89,103),(90,104),(91,105),(92,106),(93,107),(94,108),(95,109),(96,110),(97,111),(98,112),(99,113),(100,114),(101,115),(102,116),(103,117),(104,118),(105,119),(106,120),(107,121),(108,122),(109,123),(110,124),(111,125),(112,126),(113,127),(114,128),(115,129),(116,130),(117,131),(118,132),(119,133),(120,134),(121,135),(122,136),(123,137),(124,138),(125,139),(126,140),(127,141),(128,142),(129,143),(130,144),(131,145),(132,146),(133,147),(134,148),(135,149),(136,150),(137,151),(138,152),(139,153),(140,154),(141,155),(142,156),(143,157),(144,158),(145,159),(146,160),(147,161),(148,162),(149,163),(150,164),(151,165),(152,166),(153,167),(154,168),(155,169),(156,170),(157,171),(158,172),(159,173),(160,174),(161,175),(162,176),(163,177),(164,178),(165,179),(166,180),(167,181),(168,182),(169,183),(170,184),(171,185),(172,186),(173,187),(174,188),(175,189),(176,190),(177,191),(178,192),(179,193),(180,194),(181,195),(182,196),(183,197),(184,198),(185,199),(186,200),(187,201),(188,202),(189,203),(190,204),(191,205),(192,206),(193,207),(194,208),(195,209),(196,210),(197,211),(198,212),(199,213),(200,214),(201,215),(202,216),(203,217),(204,218),(205,219),(206,220),(207,221),(208,222),(209,223),(210,224),(211,225),(212,226),(213,227),(214,228),(215,229),(216,230),(217,231),(218,232),(219,233),(220,234),(221,235),(222,236),(223,237),(224,238),(225,239),(226,240),(227,241),(228,242),(229,243),(230,244),(231,245),(232,246),(233,247),(234,248),(235,249),(236,250),(237,251),(238,252),(239,253),(240,254),(241,255),(242,256),(243,257),(244,258),(245,259),(246,260),(247,261),(248,262),(249,263),(250,264),(251,265),(252,266),(253,267),(254,268),(255,269),(256,270),(257,271),(258,272),(259,273),(260,274),(261,275),(262,276),(263,277),(264,278),(265,279),(266,280),(267,281),(268,282),(269,283),(270,284),(271,285),(272,286),(273,287),(274,288),(275,289),(276,290),(277,291),(278,292),(279,293),(280,294),(281,295),(282,296),(283,297),(284,298),(285,299),(286,300),(287,301),(288,302),(289,303),(290,304),(291,305),(292,306),(293,307),(294,308),(295,309),(296,310),(297,311),(298,312),(299,313),(300,314),(301,315),(302,316),(303,317),(304,318),(305,319),(306,320),(307,321),(308,322),(309,323),(310,324),(311,325),(312,326),(313,327),(314,328),(315,329),(316,330),(317,331),(318,332),(319,333),(320,334),(321,335),(322,336),(323,337),(324,338),(325,339),(326,340),(327,341),(328,342),(329,343),(330,344),(331,345),(332,346),(333,347),(334,348),(335,349),(336,350),(337,351),(338,352),(339,353),(340,354),(341,355),(342,356),(343,357),(344,358),(345,359),(346,360),(347,361),(348,362),(349,363),(350,364),(351,365),(352,366),(353,367),(354,368),(355,369),(356,370),(357,371),(358,372),(359,373),(360,374),(361,375),(362,376),(363,377),(364,378),(365,379),(366,380),(367,381),(368,382),(369,383),(370,384),(371,385),(372,386),(373,387),(374,388),(375,389),(376,390),(377,391),(378,392),(379,393),(380,394),(381,395),(382,396),(383,397),(384,398),(385,399),(386,400),(387,401),(388,402),(389,403),(390,404),(391,405),(392,406),(393,407),(394,408),(395,409),(396,410),(397,411),(398,412),(399,413),(400,414),(401,415),(402,416),(403,417),(404,418),(405,419),(406,420),(407,421),(408,422),(409,423),(410,424),(411,425),(412,426),(413,427),(414,428),(415,429),(416,430),(417,431),(418,432),(419,433),(420,434),(421,435),(422,436),(423,437),(424,438),(425,439),(426,440),(427,441),(428,442),(429,443),(430,444),(431,445),(432,446),(433,447),(434,448),(435,449),(436,450),(437,451),(438,452),(439,453),(440,454),(441,455),(442,456),(443,457),(444,458),(445,459),(446,460),(447,461),(448,462),(449,463),(450,464),(451,465),(452,466),(453,467),(454,468),(455,469),(456,470),(457,471),(458,472),(459,473),(460,474),(461,475),(462,476),(463,477),(464,478),(465,479),(466,480),(467,481),(468,482),(469,483),(470,484),(471,485),(472,486),(473,487),(474,488),(475,489),(476,490),(477,491),(478,492),(479,493),(480,494),(481,495),(482,496),(483,497),(484,498),(485,499),(486,500),(487,501),(488,502),(489,503),(490,504),(491,505),(492,506),(493,507),(494,508),(495,509),(496,510),(497,511),(498,512),(499,513),(500,514),(501,515),(502,516),(503,517),(504,518),(505,519),(506,520),(507,521),(508,522),(509,523),(510,524),(511,525),(512,526),(513,527),(514,528),(515,529),(516,530),(517,531),(518,532),(519,533),(520,534),(521,535),(522,536),(523,537),(524,538),(525,539),(526,540),(527,541),(528,542),(529,543),(530,544),(531,545),(532,546),(533,547),(534,548),(535,549),(536,550),(537,551),(538,552),(539,553),(540,554),(541,555),(542,556),(543,557),(544,558),(545,559),(546,560),(547,561),(548,562),(549,563),(550,564),(551,565),(552,566),(553,567),(554,568),(555,569),(556,570),(557,571),(558,572),(559,573),(560,574),(561,575),(562,576),(563,577),(564,578),(565,579),(566,580),(567,581),(568,582),(569,583),(570,584),(571,585),(572,586),(573,587),(574,588),(575,589),(576,590),(577,591),(578,592),(579,593),(580,594),(581,595),(582,596),(583,597),(584,598),(585,599),(586,600),(587,601),(588,602),(589,603),(590,604),(591,605),(592,606),(593,607),(594,608),(595,609),(596,610),(597,611),(598,612),(599,613),(600,614),(601,615),(602,616),(603,617),(604,618),(605,619),(606,620),(607,621),(608,622),(609,623),(610,624),(611,625),(612,626),(613,627),(614,628),(615,629),(616,630),(617,631),(618,632),(619,633),(620,634),(621,635),(622,636),(623,637),(624,638),(625,639),(626,640),(627,641),(628,642),(629,643),(630,644),(631,645),(632,646),(633,647),(634,648),(635,649),(636,650),(637,651),(638,652),(639,653),(640,654),(641,655),(642,656),(643,657),(644,658),(645,659),(646,660),(647,661),(648,662),(649,663),(650,664),(651,665),(652,666),(653,667),(654,668),(655,669),(656,670),(657,671),(658,672),(659,673),(660,674),(661,675),(662,676),(663,677),(664,678),(665,679),(666,680),(667,681),(668,682),(669,683),(670,684),(671,685),(672,686),(673,687),(674,688),(675,689),(676,690),(677,691),(678,692),(679,693),(680,694),(681,695),(682,696),(683,697),(684,698),(685,699),(686,700),(687,701),(688,702),(689,703),(690,704),(691,705),(692,706),(693,707),(694,708),(695,709),(696,710),(697,711),(698,712),(699,713),(700,714),(701,715),(702,716),(703,717),(704,718),(705,719),(706,720),(707,721),(708,722),(709,723),(710,724),(711,725),(712,726),(713,727),(714,728),(715,729),(716,730),(717,731),(718,732),(719,733),(720,734),(721,735),(722,736),(723,737),(724,738),(725,739),(726,740),(727,741),(728,742),(729,743),(730,744),(731,745),(732,746),(733,747),(734,748),(735,749),(736,750),(737,751),(738,752),(739,753),(740,754),(741,755),(742,756),(743,757),(744,758),(745,759),(746,760),(747,761),(748,762),(749,763),(750,764),(751,765),(752,766),(753,767),(754,768),(755,769),(756,770),(757,771),(758,772),(759,773),(760,774),(761,775),(762,776),(763,777),(764,778),(765,779),(766,780),(767,781),(768,782),(769,783),(770,784),(771,785),(772,786),(773,787),(774,788),(775,789),(776,790),(777,791),(778,792),(779,793),(780,794),(781,795),(782,796),(783,797),(784,798),(785,799),(786,800),(787,801),(788,802),(789,803),(790,804),(791,805),(792,806),(793,807),(794,808),(795,809),(796,810),(797,811),(798,812),(799,813),(800,814),(801,815),(802,816),(803,817),(804,818),(805,819),(806,820),(807,821),(808,822),(809,823),(810,824),(811,825),(812,826),(813,827),(814,828),(815,829),(816,830),(817,831),(818,832),(819,833),(820,834),(821,835),(822,836),(823,837),(824,838),(825,839),(826,840),(827,841),(828,842),(829,843),(830,844),(831,845),(832,846),(833,847),(834,848),(835,849),(836,850),(837,851),(838,852),(839,853),(840,854),(841,855),(842,856),(843,857),(844,858),(845,859),(846,860),(847,861),(848,862),(849,863),(850,864),(851,865),(852,866),(853,867),(854,868),(855,869),(856,870),(857,871),(858,872),(859,873),(860,874),(861,875),(862,876),(863,877),(864,878),(865,879),(866,880),(867,881),(868,882),(869,883),(870,884),(871,885),(872,886),(873,887),(874,888),(875,889),(876,890),(877,891),(878,892),(879,893),(880,894),(881,895),(882,896),(883,897),(884,898),(885,899),(886,900),(887,901),(888,902),(889,903),(890,904),(891,905),(892,906),(893,907),(894,908),(895,909),(896,910),(897,911),(898,912),(899,913),(900,914),(901,915),(902,916),(903,917),(904,918),(905,919),(906,920),(907,921),(908,922),(909,923),(910,924),(911,925),(912,926),(913,927),(914,928),(915,929),(916,930),(917,931),(918,932),(919,933),(920,934),(921,935),(922,936),(923,937),(924,938),(925,939),(926,940),(927,941),(928,942),(929,943),(930,944),(931,945),(932,946),(933,947),(934,948),(935,949),(936,950);
/*!40000 ALTER TABLE `carts` ENABLE KEYS */;
UNLOCK TABLES;
/*!50003 SET @saved_cs_client      = @@character_set_client */ ;
/*!50003 SET @saved_cs_results     = @@character_set_results */ ;
/*!50003 SET @saved_col_connection = @@collation_connection */ ;
/*!50003 SET character_set_client  = utf8mb4 */ ;
/*!50003 SET character_set_results = utf8mb4 */ ;
/*!50003 SET collation_connection  = utf8mb4_0900_ai_ci */ ;
/*!50003 SET @saved_sql_mode       = @@sql_mode */ ;
/*!50003 SET sql_mode              = 'STRICT_TRANS_TABLES,NO_ENGINE_SUBSTITUTION' */ ;
DELIMITER ;;
/*!50003 CREATE*/ /*!50017 DEFINER=`root`@`localhost`*/ /*!50003 TRIGGER `order_completed` BEFORE INSERT ON `carts` FOR EACH ROW BEGIN
		DELETE FROM orders where delivery_date < current_date();
   END */;;
DELIMITER ;
/*!50003 SET sql_mode              = @saved_sql_mode */ ;
/*!50003 SET character_set_client  = @saved_cs_client */ ;
/*!50003 SET character_set_results = @saved_cs_results */ ;
/*!50003 SET collation_connection  = @saved_col_connection */ ;

--
-- Table structure for table `customers`
--

DROP TABLE IF EXISTS `customers`;
/*!40101 SET @saved_cs_client     = @@character_set_client */;
/*!50503 SET character_set_client = utf8mb4 */;
CREATE TABLE `customers` (
  `customer_id` int NOT NULL,
  `customer_name` varchar(50) NOT NULL,
  `age` int DEFAULT NULL,
  `gender` varchar(50) DEFAULT NULL,
  `phone_no` varchar(50) NOT NULL,
  `country` varchar(50) NOT NULL,
  `state` varchar(50) NOT NULL,
  `street_name` varchar(50) NOT NULL,
  `street_no` int NOT NULL,
  `pincode` varchar(5) NOT NULL,
  PRIMARY KEY (`customer_id`),
  CONSTRAINT `customers_ibfk_1` FOREIGN KEY (`customer_id`) REFERENCES `accounts` (`customer_id`) ON DELETE CASCADE,
  CONSTRAINT `customers_chk_1` CHECK ((`age` >= 16))
) ENGINE=InnoDB DEFAULT CHARSET=utf8mb4 COLLATE=utf8mb4_0900_ai_ci;
/*!40101 SET character_set_client = @saved_cs_client */;

--
-- Dumping data for table `customers`
--

LOCK TABLES `customers` WRITE;
/*!40000 ALTER TABLE `customers` DISABLE KEYS */;
INSERT INTO `customers` VALUES (1,'Merl Allkins',38,'Female','+1 509 152 9195','United States','Washington','Bluestem',8373,'99220'),(2,'Kayla Rydzynski',72,'Female','+1 757 950 6970','United States','Virginia','Village Green',32,'23605'),(3,'Zonnya Van der Spohr',106,'Genderqueer','+1 301 361 8541','United States','Maryland','Clove',5,'20784'),(4,'Peta Buttrick',62,'Male','+1 817 871 0346','United States','Texas','Dennis',23480,'76121'),(5,'Jody Ellis',99,'Female','+1 714 950 1874','United States','California','Sullivan',9,'92844'),(6,'Derron Bairstow',53,'Male','+1 717 577 9834','United States','Pennsylvania','Rowland',303,'17405'),(7,'Quintina Corbitt',52,'Male','+1 916 265 5836','United States','California','Beilfuss',45265,'95865'),(8,'Price Batson',104,'Female','+1 212 821 1067','United States','New York','Hintze',778,'10292'),(9,'Gretal Basset',118,'Non-binary','+1 806 322 0178','United States','Texas','Crest Line',9,'79405'),(10,'Bancroft Reading',25,'Female','+1 801 683 0777','United States','Utah','Express',2098,'84125'),(11,'Ame Hugonneau',110,'Male','+1 616 593 0969','United States','Michigan','Declaration',611,'49518'),(12,'Gabriellia Froschauer',22,'Female','+1 937 786 7055','United States','Ohio','Jackson',503,'45454'),(13,'Tersina Corfield',120,'Female','+1 518 750 2651','United States','New York','Village',75351,'12210'),(14,'Mallory Hannis',86,'Male','+1 754 730 8722','United States','Florida','Thackeray',3,'33336'),(15,'Ced Vinsen',54,'Female','+1 973 139 2520','United States','New Jersey','Mesta',5,'7104'),(16,'Davon Purslow',31,'Female','+1 405 123 5611','United States','Oklahoma','Forest',4619,'73135'),(17,'Renard Dorber',39,'Genderqueer','+1 210 719 0769','United States','Texas','6th',10,'78265'),(18,'Carol-jean Peach',63,'Female','+1 256 743 7943','United States','Alabama','Browning',6,'35805'),(19,'Laetitia Gorden',110,'Male','+1 405 395 4468','United States','Oklahoma','Sachs',4547,'73179'),(20,'Gay Satchel',40,'Female','+1 704 712 7808','United States','North Carolina','Charing Cross',7686,'28215'),(21,'Avis Marian',26,'Male','+1 214 410 5429','United States','Texas','Erie',6286,'75049'),(22,'Ralina Bemwell',48,'Male','+1 859 202 0035','United States','Kentucky','Milwaukee',6,'40576'),(23,'Corabelle Renol',69,'Male','+1 405 647 1523','United States','Oklahoma','Arapahoe',66588,'73142'),(24,'Charo Lawlee',98,'Female','+1 402 178 8105','United States','Nebraska','Drewry',9,'68583'),(25,'Philippe Keetch',19,'Female','+1 423 819 6677','United States','Tennessee','Corry',2,'37410'),(26,'Alena Bonsale',58,'Female','+1 562 434 3913','United States','California','Sommers',3646,'94110'),(27,'Mitch Coverlyn',33,'Male','+1 937 533 0765','United States','Ohio','Beilfuss',6,'45454'),(28,'Brockie Nehlsen',35,'Female','+1 212 404 9799','United States','New York','Little Fleur',8,'11499'),(29,'Francisco Willerson',58,'Female','+1 573 867 6003','United States','Missouri','Garrison',40695,'65105'),(30,'Caryl Bassford',116,'Female','+1 203 900 1041','United States','Connecticut','Sloan',753,'6533'),(31,'Estella Raw',109,'Female','+1 864 857 9494','United States','South Carolina','Ludington',19,'29319'),(32,'Burton Collman',75,'Male','+1 804 571 6254','United States','Virginia','Mandrake',2256,'23203'),(33,'Florinda Leinweber',46,'Polygender','+1 412 684 2001','United States','Pennsylvania','Cordelia',6,'15286'),(34,'Jedd Tuxwell',82,'Female','+1 501 827 4945','United States','Arkansas','Fair Oaks',59866,'71914'),(35,'Phoebe Ketcher',95,'Female','+1 843 791 4366','United States','South Carolina','Manufacturers',926,'29411'),(36,'Cordie Sugar',42,'Male','+1 573 201 8965','United States','Missouri','Tennessee',560,'65218'),(37,'Henryetta Sedcole',79,'Female','+1 941 974 6988','United States','Florida','Hoepker',30,'34135'),(38,'Regen Priestman',80,'Female','+1 832 417 9439','United States','Texas','Ridgeway',277,'77015'),(39,'Thatch Lawrie',47,'Male','+1 404 665 6484','United States','Georgia','Rieder',16,'30368'),(40,'Ramona Brand',29,'Female','+1 702 162 3667','United States','Nevada','Mockingbird',6,'89140'),(41,'Corbin Milley',55,'Female','+1 253 898 0699','United States','Washington','Lyons',4872,'98481'),(42,'Stanly Bernardelli',67,'Female','+1 509 158 3460','United States','Washington','Lukken',457,'99205'),(43,'Avis Langelaan',62,'Male','+1 571 548 9027','United States','Virginia','Kropf',36430,'22234'),(44,'Marcy Speirs',83,'Male','+1 212 889 4984','United States','New York','Butterfield',9311,'10009'),(45,'Lauren Oehm',41,'Female','+1 316 936 5418','United States','Kansas','Continental',44,'67230'),(46,'Kessiah Giuron',52,'Female','+1 419 903 3296','United States','Ohio','Anthes',26319,'43656'),(47,'Marnie Ashbolt',116,'Female','+1 239 546 3710','United States','Florida','Laurel',61,'34114'),(48,'Merline Wandrey',60,'Female','+1 718 473 5233','United States','New York','Cottonwood',176,'10004'),(49,'Larissa Galland',76,'Male','+1 317 761 9926','United States','Indiana','Kensington',12013,'46216'),(50,'Hubie Reville',89,'Male','+1 585 264 4535','United States','New York','Hanson',287,'14604'),(51,'Hersh Queree',97,'Male','+1 509 971 3132','United States','Washington','Carpenter',664,'99220'),(52,'Mylo Sellner',45,'Male','+1 806 229 8884','United States','Texas','Wayridge',37,'79118'),(53,'Torrey Dockree',52,'Male','+1 559 614 8413','United States','California','Esch',5377,'92640'),(54,'Mureil Bwye',95,'Male','+1 813 192 9794','United States','Florida','Harbort',65,'33758'),(55,'Stephan Goldby',56,'Non-binary','+1 402 822 6929','United States','Nebraska','John Wall',77,'68124'),(56,'Kelli Stroban',44,'Female','+1 469 188 3538','United States','Texas','Manley',790,'75062'),(57,'Sonnie Billison',54,'Male','+1 305 941 5204','United States','Florida','Graceland',80,'33180'),(58,'Sofie Lanphier',59,'Male','+1 909 542 5516','United States','California','3rd',917,'92415'),(59,'Tonnie Greaterex',115,'Male','+1 405 711 2326','United States','Oklahoma','Comanche',7,'73129'),(60,'Andria Glasbey',87,'Polygender','+1 713 230 8996','United States','Texas','Burrows',699,'77223'),(61,'Robby Ronchetti',42,'Genderqueer','+1 214 483 7040','United States','Texas','Stuart',56399,'75236'),(62,'Sollie Lundy',20,'Male','+1 205 590 3848','United States','Alabama','Messerschmidt',4507,'35244'),(63,'Francis Garrettson',32,'Bigender','+1 210 715 8022','United States','Texas','Lien',99,'78220'),(64,'Jack Krabbe',69,'Genderfluid','+1 339 735 1016','United States','Massachusetts','Spenser',289,'1905'),(65,'Tamra McCuis',45,'Female','+1 225 992 6657','United States','Louisiana','Cherokee',10184,'70820'),(66,'Riva Lates',91,'Male','+1 801 952 8601','United States','Utah','Atwood',37197,'84152'),(67,'Bonni Coldicott',42,'Female','+1 702 570 4152','United States','Nevada','Prairie Rose',8409,'89150'),(68,'Derick Sturdey',104,'Female','+1 337 955 6541','United States','Louisiana','Caliangt',3360,'70616'),(69,'Lorne Roach',86,'Male','+1 419 560 2267','United States','Ohio','Mitchell',35143,'43666'),(70,'Emelyne Wilmington',57,'Genderqueer','+1 754 714 6500','United States','Florida','Hanson',904,'33345'),(71,'Jerrine Wartnaby',31,'Male','+1 763 402 0905','United States','Minnesota','Chinook',7391,'55565'),(72,'Bria Klaesson',28,'Male','+1 816 853 5794','United States','Missouri','New Castle',7,'64125'),(73,'Gennifer Trase',36,'Female','+1 509 794 6562','United States','Washington','Oxford',9099,'99260'),(74,'Kary Nichol',42,'Male','+1 251 925 8207','United States','Alabama','Londonderry',34729,'36605'),(75,'Sibylla Arpin',110,'Male','+1 352 697 2660','United States','Florida','Gateway',60840,'34474'),(76,'Rhiamon Lavers',30,'Male','+1 619 789 0427','United States','California','Moose',6,'92196'),(77,'Marcia Fleetham',83,'Male','+1 408 563 8308','United States','California','Nobel',8,'95138'),(78,'Franciskus Beirne',85,'Female','+1 214 203 3138','United States','Texas','Birchwood',9,'75323'),(79,'Lorrie Tamsett',81,'Female','+1 615 916 6688','United States','Tennessee','Meadow Vale',6,'37205'),(80,'Jeanelle Latter',75,'Female','+1 561 805 5067','United States','Florida','Dexter',37669,'33416'),(81,'Evy De Lisle',74,'Female','+1 859 252 6114','United States','Kentucky','Center',55,'40546'),(82,'Darill Farenden',48,'Female','+1 307 983 8748','United States','Wyoming','Bartelt',37,'82007'),(83,'Ivan Gager',62,'Female','+1 714 372 9616','United States','California','Dovetail',40658,'92835'),(84,'Benjamen Jopling',48,'Male','+1 216 701 0502','United States','Ohio','Arapahoe',9021,'44105'),(85,'Stefan Upex',92,'Female','+1 253 247 5771','United States','Washington','Sachs',58,'98442'),(86,'Jaquelin Avo',29,'Female','+1 781 526 9856','United States','Massachusetts','Northport',572,'2142'),(87,'Delly Hugues',97,'Male','+1 239 205 1844','United States','Florida','New Castle',8,'33994'),(88,'Hashim Klima',22,'Male','+1 305 727 2284','United States','Florida','Loomis',489,'33180'),(89,'Delphinia Demange',103,'Male','+1 502 621 8899','United States','Kentucky','Dixon',4,'41905'),(90,'Robenia Sugars',33,'Female','+1 225 278 9025','United States','Louisiana','Sutteridge',7,'70810'),(91,'Frances Clemendet',40,'Male','+1 419 554 2747','United States','Ohio','Linden',29,'43656'),(92,'Kai Wavell',93,'Female','+1 704 516 4561','United States','North Carolina','Hoard',17,'28230'),(93,'Maude Forsdicke',97,'Male','+1 314 369 5293','United States','Missouri','Waywood',3584,'63104'),(94,'Ladonna Aldham',78,'Female','+1 202 855 7521','United States','District of Columbia','Amoth',20681,'20005'),(95,'Merna Fairs',20,'Female','+1 412 170 8639','United States','Pennsylvania','Ridgeview',67,'15279'),(96,'Rycca Byway',61,'Male','+1 503 326 8971','United States','Oregon','Cambridge',560,'97206'),(97,'Ware Caulket',117,'Male','+1 518 925 6353','United States','New York','Coolidge',73,'12232'),(98,'Glynnis Osment',35,'Male','+1 318 587 4081','United States','Louisiana','Birchwood',1,'71115'),(99,'Ashlen Arnefield',91,'Male','+1 513 422 4650','United States','Ohio','Northridge',380,'45228'),(100,'Inez de Werk',65,'Male','+1 614 867 6627','United States','Ohio','West',18858,'43284'),(101,'Caddric Anney',103,'Female','+1 757 222 8444','United States','Virginia','Arizona',50763,'23471'),(102,'Kristo Nusche',119,'Male','+1 757 366 3761','United States','Virginia','Beilfuss',45,'23520'),(103,'Germayne Cabrer',104,'Male','+1 616 513 4686','United States','Michigan','Mosinee',9957,'49510'),(104,'Kiersten Goldsbury',18,'Male','+1 918 964 2265','United States','Oklahoma','Alpine',0,'74193'),(105,'Tybalt Simmins',115,'Female','+1 518 204 4089','United States','New York','Elka',9343,'12305'),(106,'Whitman Colgan',86,'Female','+1 682 264 4046','United States','Texas','Morning',2388,'76192'),(107,'Mayor Ruane',72,'Female','+1 334 209 5381','United States','Alabama','Dryden',70533,'36177'),(108,'Brigitta Disbury',55,'Female','+1 314 938 0720','United States','Missouri','Dryden',5,'63116'),(109,'Stuart Shadwick',59,'Female','+1 772 210 7861','United States','Florida','Moland',1,'34981'),(110,'Carol Shelper',65,'Female','+1 772 245 1568','United States','Florida','Mallard',4,'34981'),(111,'Bryn Mumm',58,'Male','+1 304 511 4601','United States','West Virginia','Scofield',59019,'25356'),(112,'Beret Kimmince',33,'Agender','+1 601 941 1906','United States','Mississippi','Waubesa',99,'39216'),(113,'Lawton By',53,'Male','+1 509 338 9756','United States','Washington','Grover',17,'99210'),(114,'Lisette Conor',65,'Female','+1 415 438 7695','United States','California','Anderson',9997,'94116'),(115,'Freda Coucher',29,'Male','+1 347 839 7685','United States','New York','Fordem',783,'11355'),(116,'Jesse Craine',83,'Female','+1 202 678 8018','United States','District of Columbia','Sycamore',38,'20057'),(117,'Oswald Rubie',25,'Male','+1 404 148 7890','United States','Georgia','Summer Ridge',88,'30375'),(118,'Corney Genese',50,'Female','+1 417 996 7483','United States','Missouri','Doe Crossing',5625,'65805'),(119,'Wilmette -Ancy Willis',37,'Male','+1 423 139 7249','United States','Tennessee','Meadow Ridge',24,'37605'),(120,'Devlen Schwant',84,'Female','+1 405 934 3537','United States','Oklahoma','Artisan',4888,'73071'),(121,'Cornelius Gellan',83,'Male','+1 602 678 7061','United States','Arizona','Hallows',16959,'85083'),(122,'Editha Inston',60,'Female','+1 209 641 0151','United States','California','Kingsford',5126,'93704'),(123,'Friedrich Doale',62,'Female','+1 309 325 6469','United States','Illinois','Mandrake',6625,'61651'),(124,'Meade Avann',48,'Male','+1 215 618 1566','United States','Pennsylvania','Menomonie',38,'19141'),(125,'Piper Rivaland',93,'Male','+1 443 163 7232','United States','Maryland','Dexter',16,'21239'),(126,'Maurene Mourge',45,'Male','+1 479 522 3040','United States','Arkansas','Coleman',71,'72916'),(127,'Nicky Kempster',105,'Male','+1 616 321 3258','United States','Michigan','Marquette',9,'49510'),(128,'Lila Tubble',63,'Female','+1 713 770 7210','United States','Texas','Katie',46,'77276'),(129,'Alexandra Oxbrough',39,'Non-binary','+1 210 457 8322','United States','Texas','Lindbergh',7,'78225'),(130,'Currie Trobridge',109,'Female','+1 706 730 4756','United States','Georgia','Loeprich',91,'30605'),(131,'Emera Snugg',96,'Female','+1 915 164 2273','United States','Texas','Mcguire',6,'79955'),(132,'Nicko Bettleson',59,'Non-binary','+1 239 904 1701','United States','Florida','Fieldstone',4746,'34114'),(133,'Elberta Strand',96,'Male','+1 917 998 4291','United States','New York','Vermont',6,'10474'),(134,'Aland Proud',76,'Male','+1 623 804 8168','United States','Arizona','Shelley',20185,'85015'),(135,'Brietta Vinau',113,'Female','+1 510 840 5680','United States','California','Eliot',8,'94705'),(136,'Sully Fooks',101,'Male','+1 412 344 4076','United States','Pennsylvania','South',8,'15225'),(137,'Hanny Milliere',112,'Male','+1 808 926 6235','United States','Hawaii','Rusk',322,'96840'),(138,'Timmie Tritten',81,'Male','+1 219 100 2460','United States','Indiana','Luster',70161,'46406'),(139,'Laurens Oyley',52,'Male','+1 256 735 8878','United States','Alabama','Packers',76054,'35895'),(140,'Walsh Resdale',25,'Male','+1 314 982 2422','United States','Missouri','Hooker',79,'63169'),(141,'Enriqueta Jankowski',69,'Male','+1 919 995 9709','United States','North Carolina','Nevada',567,'27610'),(142,'Iggie Glauber',35,'Genderfluid','+1 415 261 2495','United States','California','Roxbury',12,'94169'),(143,'Alberta McCrackan',89,'Female','+1 561 762 7980','United States','Florida','Beilfuss',8475,'33421'),(144,'Lea Janaszewski',82,'Female','+1 805 552 3085','United States','California','Hovde',97,'93150'),(145,'Prudence Coultar',35,'Female','+1 512 623 7683','United States','Texas','Golf',490,'78764'),(146,'Mina Render',50,'Female','+1 734 128 4524','United States','Michigan','Swallow',86877,'48126'),(147,'Natty Frisch',102,'Female','+1 602 662 6533','United States','Arizona','Almo',86336,'85035'),(148,'Sharon Straine',76,'Female','+1 619 724 9621','United States','California','Truax',4838,'92165'),(149,'Theodoric Sawfoot',41,'Male','+1 314 611 2323','United States','Missouri','Valley Edge',5572,'63110'),(150,'Sissy Lilliman',52,'Polygender','+1 202 445 8692','United States','District of Columbia','Derek',5,'20420'),(151,'Amitie Walworth',117,'Female','+1 505 869 1415','United States','New Mexico','Jana',6050,'87110'),(152,'Henka Wrotham',83,'Female','+1 214 991 7364','United States','Texas','Wayridge',6,'75260'),(153,'Dynah Stockell',22,'Male','+1 630 400 9992','United States','Illinois','Victoria',50,'60641'),(154,'Denise Mintrim',25,'Male','+1 724 778 7057','United States','Pennsylvania','Kenwood',34,'15210'),(155,'Greta Carik',89,'Female','+1 309 975 8264','United States','Illinois','Acker',2249,'61629'),(156,'Newton Graine',19,'Male','+1 303 875 5461','United States','Colorado','Moose',9,'80235'),(157,'Matty Jarritt',117,'Female','+1 202 692 0147','United States','District of Columbia','Arizona',8,'20591'),(158,'Ceciley MacRannell',105,'Male','+1 515 909 2439','United States','Iowa','Melody',9848,'50305'),(159,'Hynda McKinstry',43,'Male','+1 817 575 2833','United States','Texas','Harbort',69572,'76205'),(160,'Quintina Marmyon',21,'Male','+1 718 875 9363','United States','New York','7th',27289,'11205'),(161,'Burnaby Duffin',68,'Male','+1 229 552 2747','United States','Georgia','Hansons',1,'31704'),(162,'Carolus Richards',102,'Female','+1 909 886 7411','United States','California','Columbus',6,'92410'),(163,'Wanids Grishaev',96,'Female','+1 859 988 4447','United States','Kentucky','Quincy',4372,'40515'),(164,'Walt Renshaw',23,'Female','+1 702 991 8149','United States','Nevada','Kropf',8,'89105'),(165,'Dania Schoenrock',48,'Female','+1 410 567 2165','United States','Maryland','Briar Crest',5,'21275'),(166,'Louise Devenport',80,'Male','+1 702 457 9857','United States','Nevada','Old Gate',1359,'89110'),(167,'Kori Lumbley',29,'Female','+1 619 617 5844','United States','California','Summit',808,'92191'),(168,'Alana Bittany',96,'Female','+1 808 729 3832','United States','Hawaii','Macpherson',1,'96835'),(169,'Harri Kelledy',56,'Male','+1 214 488 4511','United States','Texas','Bobwhite',96464,'75358'),(170,'Shirlene Hiscoe',68,'Male','+1 407 360 2408','United States','Florida','Troy',17,'32859'),(171,'Chris Donnell',58,'Male','+1 251 673 0134','United States','Alabama','Golf View',753,'36689'),(172,'Euell Budgey',80,'Female','+1 754 952 0453','United States','Florida','South',1573,'33336'),(173,'Quincey Killiam',114,'Female','+1 330 738 6092','United States','Ohio','Eastlawn',2,'44505'),(174,'Hershel Geddis',40,'Bigender','+1 786 261 0703','United States','Florida','Saint Paul',6056,'33196'),(175,'Ely Outridge',54,'Male','+1 916 554 3364','United States','California','Springview',0,'94273'),(176,'Maggee Sparrow',46,'Male','+1 516 174 2223','United States','New York','Morningstar',9137,'11044'),(177,'Yurik McRobb',27,'Non-binary','+1 954 155 0818','United States','Florida','Killdeer',465,'33315'),(178,'Ulric Branchflower',29,'Male','+1 520 284 9698','United States','Arizona','Southridge',9,'85720'),(179,'Hyacinthe Duggan',105,'Female','+1 408 316 0856','United States','California','Thompson',92303,'95133'),(180,'Ardith Uttermare',97,'Male','+1 559 961 1562','United States','California','Elmside',1,'93721'),(181,'Blayne Headly',63,'Male','+1 330 535 6431','United States','Ohio','Main',3294,'44329'),(182,'Noelyn Stollenberg',33,'Female','+1 571 420 3501','United States','Virginia','Quincy',32,'22225'),(183,'Ripley Petrolli',68,'Female','+1 304 938 3361','United States','West Virginia','Sheridan',3829,'25321'),(184,'Ed Crosfeld',100,'Male','+1 316 128 9280','United States','Kansas','Service',7887,'67260'),(185,'Kendell Conochie',88,'Female','+1 615 872 5626','United States','Tennessee','Debs',6118,'37220'),(186,'Hilary Chaudret',42,'Male','+1 951 628 6448','United States','California','Merry',4599,'92555'),(187,'Virgil Klimashevich',102,'Female','+1 405 836 9536','United States','Oklahoma','Lukken',60126,'73152'),(188,'Rubina Wall',59,'Male','+1 571 272 1938','United States','Virginia','Merchant',71,'22225'),(189,'Laural Camoletto',91,'Female','+1 404 741 6295','United States','Georgia','Declaration',856,'30392'),(190,'Loise Lilbourne',67,'Female','+1 757 217 7054','United States','Virginia','Crowley',97,'23509'),(191,'Ronald Backhouse',94,'Female','+1 202 324 6392','United States','District of Columbia','Fisk',7695,'20420'),(192,'Granny Priter',109,'Female','+1 805 737 3493','United States','California','Haas',3248,'93111'),(193,'Laverne Schreiner',71,'Male','+1 816 264 1604','United States','Missouri','Jenna',89,'64153'),(194,'Briny Walshaw',75,'Female','+1 816 821 8896','United States','Missouri','Hoard',7202,'64153'),(195,'Zelig Carnell',62,'Male','+1 806 870 6230','United States','Texas','Nobel',526,'79165'),(196,'Cassandra Tickel',31,'Male','+1 202 289 2565','United States','District of Columbia','Waubesa',67,'20525'),(197,'Nessy Campanelle',39,'Female','+1 208 430 9912','United States','Idaho','Arizona',31088,'83711'),(198,'Sidnee Pitblado',20,'Female','+1 240 962 1254','United States','Maryland','Schlimgen',69639,'20883'),(199,'Ursala Durker',88,'Male','+1 440 274 2886','United States','Ohio','Graceland',940,'44130'),(200,'Octavia Rattenbury',71,'Male','+1 469 708 5360','United States','Texas','Oriole',4051,'75287'),(201,'Brien Orcas',107,'Male','+1 570 203 9706','United States','Pennsylvania','Roth',84559,'18706'),(202,'Arel Shalcras',112,'Male','+1 919 873 9136','United States','North Carolina','Fallview',35,'27626'),(203,'Tanya Tunnah',112,'Female','+1 860 996 7711','United States','Connecticut','Spaight',12126,'6105'),(204,'Royall Crolly',45,'Female','+1 253 775 9788','United States','Washington','Chinook',76,'98442'),(205,'Lee Hathwood',90,'Male','+1 248 124 8960','United States','Michigan','Knutson',31,'48098'),(206,'Brand Gogie',29,'Female','+1 916 464 5743','United States','California','Elmside',2,'95838'),(207,'Tobe Luttger',70,'Male','+1 361 542 0583','United States','Texas','Westridge',122,'78465'),(208,'Walsh Banaszczyk',46,'Male','+1 970 785 9054','United States','Colorado','Haas',4229,'80525'),(209,'Perry Jeannet',35,'Female','+1 801 251 8661','United States','Utah','Doe Crossing',9,'84145'),(210,'Venus Devereux',29,'Male','+1 210 515 0520','United States','Texas','Moose',392,'78250'),(211,'Ardene Romaint',50,'Male','+1 808 661 0682','United States','Hawaii','Stone Corner',570,'96805'),(212,'Leo Buckthorpe',79,'Non-binary','+1 209 349 1304','United States','California','Golden Leaf',2294,'95219'),(213,'Agustin Shillan',105,'Female','+1 407 835 0625','United States','Florida','Coleman',42170,'32813'),(214,'Stanly Kohrsen',99,'Male','+1 858 364 9455','United States','California','Nevada',851,'92121'),(215,'Dora Olohan',97,'Female','+1 510 552 2662','United States','California','Stoughton',6570,'94712'),(216,'Con Dummett',104,'Female','+1 412 219 3148','United States','Pennsylvania','Eagan',84327,'15225'),(217,'Felita Grigorey',112,'Female','+1 206 189 3404','United States','Washington','Park Meadow',41056,'98127'),(218,'Eve Tweedy',51,'Non-binary','+1 817 595 6410','United States','Texas','Lawn',8679,'76121'),(219,'Barbi Crayk',40,'Female','+1 806 109 7516','United States','Texas','Elka',9,'79410'),(220,'Ab Bleaden',69,'Male','+1 952 555 5685','United States','Minnesota','Crowley',85,'55412'),(221,'Elfreda Britto',97,'Male','+1 313 662 7309','United States','Michigan','Morrow',4,'48258'),(222,'Roda Charrette',107,'Female','+1 608 907 6309','United States','Wisconsin','Sloan',57,'53785'),(223,'Pat Lowne',74,'Female','+1 304 314 3033','United States','West Virginia','Waywood',2,'25726'),(224,'Bentlee Babinski',31,'Male','+1 202 292 1761','United States','District of Columbia','Fieldstone',693,'20404'),(225,'Lynda Chilcotte',95,'Bigender','+1 518 776 2592','United States','New York','Huxley',2086,'12247'),(226,'Deane Belloch',111,'Male','+1 718 248 0859','United States','New York','Hansons',504,'10019'),(227,'Tadd Trigg',114,'Male','+1 202 853 0243','United States','District of Columbia','Mendota',67,'20220'),(228,'Don Tunniclisse',35,'Male','+1 404 139 6883','United States','Georgia','Holmberg',2433,'30033'),(229,'Ally Cooley',33,'Female','+1 314 352 7064','United States','Missouri','Kropf',6505,'63136'),(230,'Seka Wulfinger',109,'Male','+1 850 505 6408','United States','Florida','School',41,'32575'),(231,'Sayre Blumsom',88,'Male','+1 312 671 2848','United States','Illinois','Center',82547,'60686'),(232,'Pincas Swaby',55,'Male','+1 661 458 9200','United States','California','Bunting',0,'93386'),(233,'Cathleen Shireff',42,'Female','+1 704 315 7184','United States','North Carolina','Annamark',6,'27105'),(234,'Kalle Sang',35,'Agender','+1 505 836 1279','United States','New Mexico','Oak',235,'87592'),(235,'Marget Dyster',117,'Female','+1 706 838 8474','United States','Georgia','Quincy',69,'30610'),(236,'Ruben Fillon',55,'Female','+1 303 431 7561','United States','Colorado','2nd',51541,'80255'),(237,'Sherwynd Alibone',67,'Male','+1 504 447 9051','United States','Louisiana','Lerdahl',81921,'70187'),(238,'Ethelda Sivior',68,'Male','+1 970 274 0501','United States','Colorado','Del Mar',92713,'81505'),(239,'Mariya Friatt',117,'Male','+1 402 214 2447','United States','Nebraska','Anthes',31,'68124'),(240,'Nicolai Jados',52,'Female','+1 213 530 5674','United States','California','Hoard',1844,'90087'),(241,'Madelina Campo',62,'Male','+1 910 980 8936','United States','North Carolina','Rieder',499,'28410'),(242,'Tonie Freire',68,'Agender','+1 214 359 2850','United States','Texas','7th',57023,'76011'),(243,'Cassius Byrcher',119,'Male','+1 520 621 4402','United States','Arizona','Daystar',535,'85732'),(244,'Ferdy Hanford',47,'Female','+1 646 987 1946','United States','New York','Aberg',74,'10045'),(245,'Cicily Fansy',20,'Male','+1 210 794 0964','United States','Texas','Autumn Leaf',0,'78215'),(246,'Ethelbert Cavanaugh',49,'Male','+1 386 721 1674','United States','Florida','Petterle',98592,'32123'),(247,'Carlin Lemar',79,'Female','+1 585 385 0778','United States','New York','Shasta',33112,'14619'),(248,'Rafaello Sutherby',21,'Female','+1 574 610 7262','United States','Indiana','Mayer',4,'46614'),(249,'Bradly Reyne',31,'Female','+1 816 795 6228','United States','Missouri','Dunning',634,'64187'),(250,'Andrei Inseal',48,'Female','+1 916 230 2686','United States','California','Granby',332,'95894'),(251,'Elliott Elsom',64,'Female','+1 765 340 8673','United States','Indiana','Dahle',1331,'47306'),(252,'Tomasina Pepon',50,'Male','+1 410 462 2113','United States','Maryland','Mariners Cove',797,'21239'),(253,'Duncan Kimbling',63,'Female','+1 704 315 3510','United States','North Carolina','Forest Dale',86,'28210'),(254,'Harmonia Nussii',29,'Male','+1 818 595 2706','United States','California','Towne',2460,'91328'),(255,'Mort Gailor',26,'Male','+1 904 129 9729','United States','Florida','Dawn',69,'32220'),(256,'Esmaria Keasley',53,'Male','+1 323 607 0862','United States','California','Oriole',57,'90025'),(257,'Jenilee Harniman',31,'Female','+1 414 177 1744','United States','Wisconsin','Randy',300,'53225'),(258,'Garnet Elks',79,'Male','+1 757 407 3410','United States','Virginia','Northridge',6,'23324'),(259,'Richie Jacox',72,'Male','+1 520 565 8131','United States','Arizona','Parkside',358,'85748'),(260,'Verna Thormann',52,'Male','+1 918 214 2273','United States','Oklahoma','Hauk',3,'74141'),(261,'Hertha Sallings',21,'Female','+1 408 228 9413','United States','California','Kingsford',839,'95160'),(262,'Aron Gillcrist',111,'Female','+1 901 783 7033','United States','Tennessee','Shasta',17,'38126'),(263,'Rochell Dreinan',47,'Male','+1 212 852 4233','United States','New York','5th',5,'10009'),(264,'Lucine Carnow',34,'Bigender','+1 806 867 0377','United States','Texas','Vahlen',800,'79171'),(265,'Wini Poulney',104,'Female','+1 713 711 1173','United States','Texas','Monica',53,'77085'),(266,'Garrik Burdon',57,'Non-binary','+1 202 908 9597','United States','District of Columbia','Lakewood Gardens',87822,'20036'),(267,'Jeni Petworth',25,'Male','+1 773 744 6128','United States','Illinois','Brentwood',7,'60619'),(268,'Alena McSwan',55,'Female','+1 319 101 3219','United States','Iowa','Basil',719,'52245'),(269,'Martyn Dimitresco',39,'Male','+1 913 207 9209','United States','Kansas','Springs',5,'66220'),(270,'Brewster Butterfint',114,'Male','+1 205 216 9709','United States','Alabama','Badeau',21,'35205'),(271,'Cecilia Wigginton',98,'Male','+1 859 518 6339','United States','Kentucky','Mcguire',29,'40546'),(272,'Lars Clandillon',33,'Female','+1 904 883 7534','United States','Florida','Veith',362,'32220'),(273,'Tabby Ballinger',36,'Male','+1 806 919 6892','United States','Texas','Mayfield',3493,'79452'),(274,'Vassily Boc',118,'Genderfluid','+1 719 263 2814','United States','Colorado','Oak',11,'80920'),(275,'Edna Lob',110,'Male','+1 407 477 3041','United States','Florida','Forest Dale',36992,'32859'),(276,'Benetta Catherall',93,'Male','+1 703 585 3672','United States','District of Columbia','Mosinee',7589,'20016'),(277,'Jannelle MacKeller',20,'Male','+1 919 323 6037','United States','North Carolina','Canary',50901,'27626'),(278,'Joelle Augar',54,'Female','+1 816 830 5997','United States','Missouri','Scoville',7,'64142'),(279,'Penn Dorsey',102,'Female','+1 515 878 5531','United States','Iowa','Dayton',6,'50362'),(280,'Joelie Johananoff',57,'Male','+1 202 225 4348','United States','District of Columbia','Hanover',1,'20430'),(281,'Lorant Corhane',105,'Female','+1 770 606 7148','United States','Georgia','Park Meadow',96051,'30506'),(282,'Arlie Forten',39,'Female','+1 304 347 4218','United States','West Virginia','Lien',24,'25331'),(283,'Burty Carmel',60,'Male','+1 843 298 3419','United States','South Carolina','Arapahoe',8799,'29416'),(284,'Nelie Sancto',44,'Female','+1 412 529 0316','United States','Pennsylvania','Bluestem',688,'15215'),(285,'Teodorico MacTague',117,'Male','+1 469 508 0295','United States','Texas','Northland',8,'75226'),(286,'Mirella Hessentaler',70,'Female','+1 818 306 1855','United States','California','Gateway',180,'90510'),(287,'Adele Knipe',106,'Male','+1 412 868 8549','United States','Pennsylvania','Hazelcrest',91622,'15240'),(288,'Phil Keyser',108,'Male','+1 915 295 9491','United States','Texas','Pankratz',79,'88558'),(289,'Tod Josipovitz',84,'Female','+1 205 585 6632','United States','Alabama','Little Fleur',40,'35225'),(290,'Herminia Morteo',95,'Male','+1 202 627 1993','United States','District of Columbia','Scoville',8520,'20205'),(291,'Aron Willbraham',97,'Male','+1 561 820 1441','United States','Florida','Prairieview',8,'33432'),(292,'Shelton Havock',45,'Male','+1 646 948 5539','United States','New York','Evergreen',7,'10170'),(293,'Elden Cecchetelli',44,'Male','+1 571 886 8860','United States','Virginia','Ridge Oak',376,'20167'),(294,'Kathleen Itzkovich',37,'Female','+1 917 699 9131','United States','New York','Calypso',7,'10014'),(295,'Israel Beran',102,'Male','+1 202 673 8262','United States','District of Columbia','Trailsway',73,'20404'),(296,'Adrienne Labone',26,'Male','+1 202 781 9314','United States','Maryland','International',96549,'20904'),(297,'Lilia Furmedge',23,'Male','+1 916 582 4509','United States','California','Swallow',15,'94286'),(298,'Cassie Gettins',35,'Male','+1 337 101 6592','United States','Louisiana','Dapin',305,'70505'),(299,'Jacki Timbrell',62,'Male','+1 646 982 6572','United States','New York','Lyons',498,'10060'),(300,'Ardys Tammadge',56,'Female','+1 408 866 8006','United States','California','Carioca',2480,'95113'),(301,'Loria Pund',99,'Female','+1 202 404 9491','United States','District of Columbia','Carioca',6399,'20210'),(302,'Griffy Taylo',18,'Male','+1 816 405 3636','United States','Missouri','Goodland',4801,'64149'),(303,'Dori Kohrs',71,'Female','+1 325 680 4339','United States','Texas','Independence',74966,'79605'),(304,'Rodrigo Dominichetti',30,'Male','+1 404 927 9884','United States','Georgia','Cardinal',14142,'30356'),(305,'Feodor Kochlin',53,'Male','+1 952 147 3635','United States','Minnesota','Waubesa',8,'55579'),(306,'Robbi Roocroft',22,'Polygender','+1 305 186 6045','United States','Florida','Eggendart',820,'33013'),(307,'Bee Ortelt',82,'Male','+1 908 360 7988','United States','New Jersey','Upham',7,'7208'),(308,'Chan Cochet',58,'Male','+1 323 887 9955','United States','California','Calypso',72876,'90305'),(309,'Rutledge Posner',104,'Male','+1 409 789 3305','United States','Texas','Kingsford',729,'77554'),(310,'Karisa Lohrensen',75,'Male','+1 608 252 1326','United States','Wisconsin','Haas',27387,'53785'),(311,'Karine Fawcitt',118,'Male','+1 915 241 7083','United States','Texas','Northview',7,'79999'),(312,'Logan Gauld',45,'Male','+1 412 950 1296','United States','Pennsylvania','Sunfield',32,'15235'),(313,'Charlena Candlish',80,'Female','+1 803 717 7787','United States','South Carolina','Loomis',8,'29215'),(314,'Denni Duchasteau',67,'Female','+1 720 541 3103','United States','Colorado','Village Green',87,'80223'),(315,'Morie Rasor',32,'Male','+1 786 286 6479','United States','Florida','Sachtjen',84098,'33164'),(316,'Brodie Goshawke',23,'Female','+1 410 192 5211','United States','Maryland','Troy',32,'20709'),(317,'Rowan Jacobsen',52,'Male','+1 651 293 8917','United States','Minnesota','Arapahoe',881,'55172'),(318,'Amble Chidwick',112,'Agender','+1 505 733 0222','United States','New Mexico','Truax',7507,'87190'),(319,'Ursola Matushevitz',19,'Female','+1 813 210 9489','United States','Florida','David',68,'33661'),(320,'Latashia Golsworthy',77,'Female','+1 831 818 5551','United States','California','Stuart',9,'93907'),(321,'Allissa Creak',84,'Male','+1 865 716 3932','United States','Tennessee','Marcy',508,'37924'),(322,'Ambur Lippo',55,'Female','+1 952 584 8097','United States','Minnesota','Basil',26751,'55573'),(323,'Aura Merriott',59,'Female','+1 302 500 6792','United States','Delaware','Oneill',525,'19714'),(324,'Yorgo Hegdonne',46,'Female','+1 216 543 5772','United States','Ohio','Corry',60,'44197'),(325,'Marsiella Magowan',110,'Female','+1 909 682 9640','United States','California','Logan',14364,'92424'),(326,'Rouvin Huncote',41,'Male','+1 202 579 9626','United States','District of Columbia','Esch',657,'20436'),(327,'Arabele Light',46,'Male','+1 816 893 0084','United States','Missouri','Ruskin',33,'64125'),(328,'Glynn Vella',91,'Female','+1 832 209 3150','United States','Texas','Bay',5664,'77493'),(329,'Adrienne Wherrit',94,'Male','+1 501 956 1496','United States','Arkansas','School',9,'72215'),(330,'Cass Cockshoot',74,'Male','+1 718 784 3963','United States','New York','Paget',5851,'11447'),(331,'Pancho Bruins',33,'Female','+1 415 354 1529','United States','California','Pond',2,'94154'),(332,'Emmeline Mazzeo',30,'Male','+1 808 654 4989','United States','Hawaii','Bluejay',16515,'96825'),(333,'Hershel Marfell',48,'Female','+1 518 291 2326','United States','New York','Fairfield',3783,'12247'),(334,'Neal McLean',68,'Male','+1 916 545 4895','United States','California','Corscot',569,'95865'),(335,'Berget Millican',43,'Female','+1 317 611 8658','United States','Indiana','Marcy',9,'46254'),(336,'Minor McHardy',97,'Female','+1 215 250 2472','United States','Pennsylvania','Pearson',0,'19178'),(337,'Emmie McSherry',99,'Male','+1 915 302 4397','United States','Texas','John Wall',32,'79977'),(338,'Josias Petegre',119,'Male','+1 361 972 1946','United States','Texas','Doe Crossing',0,'78465'),(339,'Kean Mollett',115,'Non-binary','+1 719 394 0220','United States','Colorado','Warbler',9,'80925'),(340,'Shepard Tuffey',48,'Female','+1 512 988 6068','United States','Texas','Little Fleur',27492,'78703'),(341,'Rodrique Crayton',108,'Female','+1 614 826 5842','United States','Ohio','Corry',709,'43284'),(342,'Gerri McGrane',96,'Male','+1 313 901 7433','United States','Michigan','Boyd',5247,'48267'),(343,'Antonio Camilleri',99,'Female','+1 303 326 5204','United States','Colorado','South',6,'80270'),(344,'Chloris Cruickshanks',70,'Male','+1 970 257 8138','United States','Colorado','Westend',0,'81505'),(345,'Felecia Wollers',118,'Female','+1 213 516 0704','United States','California','Stoughton',45712,'90189'),(346,'Virgina Lewzey',35,'Male','+1 301 156 4524','United States','Maryland','Ridgeview',4620,'20784'),(347,'Coralie Gansbuhler',84,'Male','+1 515 139 2877','United States','Iowa','Meadow Valley',37280,'50310'),(348,'Tonnie Neath',87,'Male','+1 254 380 6126','United States','Texas','John Wall',521,'76505'),(349,'Stewart Attenborrow',60,'Male','+1 509 249 6780','United States','Washington','Warrior',65,'99215'),(350,'Desiree Buckell',96,'Female','+1 704 687 1849','United States','North Carolina','Hintze',979,'28235'),(351,'Jemimah Oppery',55,'Female','+1 260 453 9988','United States','Indiana','Lighthouse Bay',32,'46805'),(352,'Skipton Topp',40,'Male','+1 304 528 3981','United States','West Virginia','Hintze',8,'25716'),(353,'Lawton Andreou',119,'Male','+1 302 103 9157','United States','Delaware','Forest',413,'19810'),(354,'Derrick Bridgland',30,'Female','+1 202 796 3466','United States','District of Columbia','Graedel',58474,'20205'),(355,'Waly Ferryman',90,'Male','+1 215 424 5223','United States','Pennsylvania','Vahlen',9,'19093'),(356,'Torie Spiby',86,'Female','+1 646 269 2802','United States','New York','Columbus',593,'10170'),(357,'Byrle Perillo',29,'Genderfluid','+1 917 944 7290','United States','New York','Logan',13,'10105'),(358,'Shaina Spiteri',90,'Male','+1 505 843 5381','United States','New Mexico','Cardinal',11239,'87121'),(359,'Cyrillus Woodburn',102,'Agender','+1 206 296 7542','United States','Washington','Victoria',40284,'98175'),(360,'Nita Sime',50,'Male','+1 907 527 3339','United States','Alaska','Fallview',2602,'99507'),(361,'Lurline Kennan',92,'Bigender','+1 804 112 8272','United States','Virginia','Red Cloud',39,'23225'),(362,'Kelley Slingsby',93,'Female','+1 504 142 0550','United States','Louisiana','Huxley',42776,'70165'),(363,'Anallise Skelington',95,'Female','+1 907 536 0404','United States','Alaska','Raven',2718,'99512'),(364,'Edik Ferby',108,'Male','+1 410 465 1223','United States','Maryland','Gulseth',392,'21265'),(365,'Warden Fullick',91,'Male','+1 407 584 2658','United States','Florida','Delaware',7205,'32808'),(366,'Nissy Lamberts',119,'Male','+1 312 452 0310','United States','Illinois','Transport',65,'60697'),(367,'Pammie Stiger',53,'Male','+1 330 713 2170','United States','Ohio','Stone Corner',79449,'44710'),(368,'Clair Abramovic',111,'Female','+1 952 518 4521','United States','Minnesota','Kedzie',43,'55573'),(369,'Yalonda Ishak',50,'Female','+1 806 765 0915','United States','Texas','Lindbergh',112,'79415'),(370,'Conway Pieterick',55,'Male','+1 704 560 9979','United States','North Carolina','Eliot',752,'27105'),(371,'Floyd Lenglet',89,'Female','+1 469 169 8398','United States','Texas','Golden Leaf',86,'75062'),(372,'Joete Repper',23,'Male','+1 254 704 7535','United States','Texas','Sullivan',9,'76544'),(373,'Bastien Slocom',38,'Female','+1 561 448 6354','United States','Florida','Pepper Wood',264,'33064'),(374,'Hermon Bachura',89,'Female','+1 734 598 4865','United States','Michigan','Carberry',36,'48107'),(375,'Betsey Gritsaev',34,'Female','+1 405 262 7726','United States','Oklahoma','Fairfield',6,'73190'),(376,'Lacey Offener',100,'Male','+1 402 459 1448','United States','Nebraska','Johnson',771,'68505'),(377,'Wilt Scola',113,'Female','+1 850 990 2051','United States','Florida','Kennedy',207,'32520'),(378,'Haskell Bisiker',51,'Male','+1 212 739 6003','United States','New York','Talisman',81995,'10120'),(379,'Stafani Clemmen',30,'Male','+1 832 403 0336','United States','Texas','Hagan',71962,'77060'),(380,'Foss Deesly',41,'Genderqueer','+1 386 704 4796','United States','Florida','Luster',83162,'32123'),(381,'Marisa Redsell',79,'Agender','+1 803 536 8655','United States','South Carolina','Hovde',3007,'29225'),(382,'Cletis Eagleton',73,'Female','+1 816 564 5133','United States','Missouri','Havey',768,'64199'),(383,'Lelah Nel',28,'Polygender','+1 205 752 6836','United States','Alabama','Barnett',6916,'35279'),(384,'Violette Chaimson',69,'Male','+1 410 510 7913','United States','Maryland','Evergreen',2,'21239'),(385,'Holli Busst',59,'Female','+1 317 578 4150','United States','Indiana','Farragut',93,'46278'),(386,'Kellie Folbig',104,'Male','+1 559 282 8124','United States','California','Stone Corner',898,'93778'),(387,'Morty Mabson',96,'Female','+1 832 755 8880','United States','Texas','Surrey',0,'77065'),(388,'Etan Salkild',36,'Male','+1 682 785 4813','United States','Texas','Sachtjen',7,'76115'),(389,'Farrell Crates',45,'Female','+1 803 692 4227','United States','South Carolina','Main',1968,'29203'),(390,'Florence Tolcher',41,'Male','+1 208 351 8912','United States','Idaho','Dottie',11,'83727'),(391,'Alexa Bickerstaff',86,'Male','+1 210 307 4953','United States','Texas','Red Cloud',909,'78291'),(392,'Ezri Hanley',55,'Female','+1 361 337 3472','United States','Texas','Cody',1198,'78475'),(393,'Waldo Chasmer',77,'Non-binary','+1 719 494 9028','United States','Colorado','Graedel',209,'80930'),(394,'Kara Durden',116,'Female','+1 602 225 1203','United States','Arizona','6th',53,'85030'),(395,'Greggory Enders',29,'Female','+1 209 406 0866','United States','California','Express',99,'95397'),(396,'Sammy Van Hove',21,'Male','+1 314 936 2721','United States','Missouri','Nelson',93,'63150'),(397,'Piotr Cominotti',102,'Male','+1 414 379 2131','United States','Wisconsin','Larry',421,'53215'),(398,'Oren Ruprecht',81,'Male','+1 586 103 9324','United States','Michigan','Bellgrove',1346,'48092'),(399,'Cleopatra Goodluck',80,'Female','+1 719 719 6631','United States','Colorado','Pepper Wood',8709,'80945'),(400,'Ashton Menezes',42,'Male','+1 716 228 0060','United States','New York','Parkside',6,'14263'),(401,'Arnoldo McTrustrie',24,'Male','+1 916 659 6450','United States','California','Monica',316,'94207'),(402,'Marshal Lathy',66,'Female','+1 205 208 5792','United States','Alabama','Roth',63443,'35205'),(403,'Nicolas Giroldi',99,'Female','+1 602 599 9130','United States','Arizona','Clove',68459,'85083'),(404,'Julia Gordon',106,'Female','+1 202 756 5943','United States','District of Columbia','Lillian',333,'20397'),(405,'Astrix Bimson',104,'Male','+1 910 159 0088','United States','North Carolina','Debra',5720,'28314'),(406,'Arturo Curnnok',23,'Male','+1 801 944 1517','United States','Utah','American',208,'84130'),(407,'Ralf Burkill',19,'Male','+1 806 792 6424','United States','Texas','Hollow Ridge',3940,'79165'),(408,'Noelyn Brandt',37,'Male','+1 210 406 7821','United States','Texas','Elmside',67426,'78296'),(409,'Lilian McLaverty',101,'Non-binary','+1 865 685 0125','United States','Tennessee','Upham',34763,'37939'),(410,'Kathleen Jandourek',92,'Male','+1 626 978 5051','United States','California','Lakewood',24,'91841'),(411,'Engracia Boulden',83,'Female','+1 510 211 2551','United States','California','Merchant',45,'94605'),(412,'Teena Hardes',76,'Male','+1 719 426 5167','United States','Colorado','Longview',501,'81015'),(413,'Emmett Udie',108,'Male','+1 214 728 0455','United States','Texas','Morning',7730,'75342'),(414,'Dorelia Jurczik',48,'Female','+1 913 489 2583','United States','Kansas','John Wall',0,'66276'),(415,'Tine Sivell',52,'Female','+1 502 573 0486','United States','Kentucky','Del Mar',0,'40250'),(416,'Holt Solloway',109,'Female','+1 915 794 6541','United States','Texas','Longview',21781,'88519'),(417,'Madelon Beceril',38,'Male','+1 702 865 6760','United States','Nevada','Warner',24820,'89087'),(418,'Deeyn Carrett',34,'Bigender','+1 334 427 6868','United States','Alabama','Sachtjen',36026,'36134'),(419,'Shadow Ruslin',27,'Female','+1 318 497 9226','United States','Louisiana','Nobel',61623,'71105'),(420,'Sigvard Thornber',37,'Female','+1 601 824 3818','United States','Mississippi','Prentice',0,'39236'),(421,'Doti Kinnerk',80,'Male','+1 860 797 3946','United States','Connecticut','Melody',364,'6145'),(422,'Bartie Wormleighton',84,'Female','+1 615 712 6172','United States','Tennessee','Delladonna',17,'38104'),(423,'Dov Caberas',28,'Female','+1 515 286 3955','United States','Iowa','Elmside',36,'50362'),(424,'Hollie Patrie',50,'Male','+1 303 984 4949','United States','Colorado','Pond',3541,'80291'),(425,'Rourke Van der Spohr',52,'Female','+1 512 561 3551','United States','Texas','Cody',191,'78778'),(426,'Boris Harce',69,'Female','+1 518 510 4020','United States','New York','Grayhawk',30539,'12247'),(427,'Mal Foggo',76,'Female','+1 513 853 5328','United States','Ohio','Prairie Rose',8,'45264'),(428,'Mellisent Matoshin',65,'Female','+1 404 778 5672','United States','Georgia','Milwaukee',5,'30358'),(429,'Vivi Arnfield',57,'Female','+1 704 751 9582','United States','North Carolina','Birchwood',0,'28055'),(430,'Sal Roskrug',63,'Female','+1 312 249 2412','United States','Illinois','Ridgeway',14,'60674'),(431,'Ezekiel Tanser',90,'Male','+1 615 526 2599','United States','Tennessee','Randy',3,'37245'),(432,'Marcello Brewins',31,'Female','+1 337 761 6691','United States','Louisiana','Delaware',47097,'70607'),(433,'Kristian Tichner',20,'Genderfluid','+1 215 186 0801','United States','Pennsylvania','Prairie Rose',4958,'19131'),(434,'Natassia Dolphin',95,'Male','+1 561 358 9971','United States','Florida','Brentwood',58303,'33499'),(435,'Minna Walbrook',107,'Female','+1 281 968 1368','United States','Texas','Portage',3506,'77060'),(436,'Harper Farris',81,'Polygender','+1 318 384 8227','United States','Louisiana','Lake View',4503,'71130'),(437,'Cristi Hadley',52,'Female','+1 972 816 7032','United States','Texas','Pepper Wood',652,'75221'),(438,'Matthias Laden',29,'Agender','+1 678 151 1271','United States','Georgia','Nevada',5901,'30301'),(439,'Gael Scolland',47,'Female','+1 602 306 9091','United States','Arizona','Kingsford',42572,'85025'),(440,'Elbertina Portail',91,'Female','+1 415 778 6443','United States','California','6th',2,'94164'),(441,'Arie Kinforth',24,'Male','+1 919 345 7594','United States','North Carolina','Springview',8949,'27621'),(442,'Vannie Greggor',119,'Female','+1 650 208 4793','United States','California','Charing Cross',22512,'95113'),(443,'Thebault Triner',107,'Female','+1 513 954 8297','United States','Ohio','Stuart',61,'45223'),(444,'Claudina Goff',54,'Male','+1 505 488 6870','United States','New Mexico','Prairieview',4,'87592'),(445,'Katerine Gravenall',24,'Polygender','+1 202 656 4179','United States','District of Columbia','Manitowish',24097,'20046'),(446,'Rosco Rapkins',63,'Female','+1 916 747 8619','United States','California','Forest Run',9150,'94297'),(447,'Harper Dolden',97,'Male','+1 302 705 8820','United States','Delaware','Fair Oaks',582,'19810'),(448,'Fae Levitt',104,'Female','+1 915 605 2893','United States','Texas','Northwestern',4406,'79911'),(449,'Thaxter Digle',94,'Male','+1 913 668 2345','United States','Kansas','Green Ridge',82,'66160'),(450,'Antoinette Kleinhaut',105,'Male','+1 504 108 6968','United States','Louisiana','Huxley',7390,'70160'),(451,'Ruperta Kellog',42,'Female','+1 302 403 9899','United States','Delaware','Bunting',6795,'19714'),(452,'Edlin Crumbleholme',34,'Female','+1 724 812 4896','United States','Pennsylvania','Merry',26369,'15205'),(453,'Heida Batty',78,'Male','+1 254 619 0040','United States','Texas','Mandrake',3,'76505'),(454,'Sheena Laux',40,'Female','+1 253 753 0962','United States','Washington','Katie',1125,'98424'),(455,'Maurise Pankhurst.',19,'Female','+1 713 530 4615','United States','Texas','Utah',9329,'77250'),(456,'Toby Sandhill',48,'Male','+1 318 450 6328','United States','Louisiana','Lindbergh',2,'71166'),(457,'Merlina Joska',21,'Male','+1 970 131 8757','United States','Colorado','Anniversary',6,'80525'),(458,'Minta  Eye',39,'Female','+1 818 696 9572','United States','California','Sullivan',4,'91205'),(459,'Uriel Orrey',75,'Female','+1 714 288 0217','United States','California','Prairieview',4,'92710'),(460,'Annie Stave',88,'Female','+1 512 708 7588','United States','Texas','Redwing',6183,'78789'),(461,'Diego Habershaw',48,'Polygender','+1 813 487 0064','United States','Florida','Pawling',79983,'33686'),(462,'Cirillo Brownett',44,'Male','+1 310 514 5749','United States','California','Utah',17,'90010'),(463,'Khalil Murty',106,'Male','+1 605 659 7418','United States','South Dakota','Bultman',536,'57193'),(464,'Gwendolen Timms',53,'Polygender','+1 352 559 7091','United States','Florida','Jackson',3,'34605'),(465,'Willie Brownett',107,'Female','+1 202 814 4088','United States','District of Columbia','Cottonwood',697,'20010'),(466,'Odille Verbeek',55,'Female','+1 304 166 4207','United States','West Virginia','Artisan',60,'25356'),(467,'Deni Shovelin',85,'Female','+1 323 248 5448','United States','California','Eastlawn',1111,'91411'),(468,'Carroll Kinningley',88,'Male','+1 469 718 7143','United States','Texas','American',183,'75287'),(469,'Hanson Lafayette',103,'Male','+1 509 153 6091','United States','Washington','Prairie Rose',9,'99220'),(470,'Sheffield Towle',50,'Female','+1 251 120 4380','United States','Alabama','Gina',8,'36689'),(471,'Salaidh Grimster',118,'Female','+1 407 470 3289','United States','Florida','Kenwood',3,'34745'),(472,'Piggy Clink',30,'Female','+1 330 540 0287','United States','Ohio','4th',195,'44310'),(473,'Meredith Chue',99,'Male','+1 518 717 4175','United States','New York','Morrow',83,'12247'),(474,'Konstance Wroughton',49,'Female','+1 318 135 8782','United States','Louisiana','Gulseth',76,'71130'),(475,'Theodosia Faveryear',72,'Female','+1 212 613 8144','United States','New York','Oneill',847,'10160'),(476,'Anett Anstie',110,'Male','+1 281 404 9630','United States','Texas','Garrison',7911,'77035'),(477,'Iosep Gavriel',66,'Female','+1 706 580 8922','United States','Georgia','Lighthouse Bay',32,'30130'),(478,'Schuyler Goodison',19,'Female','+1 808 669 6641','United States','Hawaii','Kensington',0,'96840'),(479,'Floris Shortt',85,'Female','+1 704 212 0722','United States','North Carolina','Merrick',180,'28242'),(480,'Ottilie Pentlow',41,'Male','+1 704 408 9129','United States','North Carolina','Jenna',5302,'28242'),(481,'Alexandro Heningham',71,'Male','+1 801 146 5567','United States','Utah','Karstens',8871,'84110'),(482,'Abeu Kilmartin',31,'Male','+1 312 270 4355','United States','Illinois','Saint Paul',613,'60663'),(483,'Michele Laxon',32,'Male','+1 407 999 6987','United States','Florida','Dexter',43,'32825'),(484,'Joelie Schukraft',66,'Female','+1 206 885 6955','United States','Washington','Mallory',22680,'98424'),(485,'Gilligan Percival',120,'Female','+1 520 427 6738','United States','Arizona','Darwin',6669,'85748'),(486,'Ambrosio Nappin',70,'Male','+1 806 662 2047','United States','Texas','Anniversary',106,'79159'),(487,'Selia Renhard',67,'Male','+1 970 679 2647','United States','Colorado','Utah',967,'80638'),(488,'Tish Rankling',22,'Male','+1 202 579 5430','United States','Virginia','Golf Course',777,'22301'),(489,'Gian Drayn',100,'Male','+1 440 218 0907','United States','Ohio','Loftsgordon',79960,'44177'),(490,'Oneida Mazzia',80,'Male','+1 949 861 8729','United States','California','Toban',84,'92619'),(491,'Tasia Gouthier',66,'Female','+1 901 469 9389','United States','Tennessee','Nobel',75,'38161'),(492,'Blaine Normant',22,'Male','+1 970 897 1190','United States','Colorado','Carberry',8,'81505'),(493,'Salomi Heard',73,'Male','+1 302 188 4659','United States','Delaware','Bunting',59436,'19725'),(494,'Fairleigh Hazelton',88,'Male','+1 304 664 2356','United States','West Virginia','Doe Crossing',3,'25726'),(495,'Erina Connow',59,'Female','+1 405 182 0171','United States','Oklahoma','Derek',77,'73173'),(496,'Celestina Orsay',37,'Male','+1 754 771 5184','United States','Florida','Granby',93,'33310'),(497,'Dulcie Guildford',53,'Female','+1 480 779 2708','United States','Arizona','Redwing',7493,'85284'),(498,'Creight Albutt',44,'Female','+1 701 230 1318','United States','North Dakota','Pepper Wood',723,'58122'),(499,'Lilah Slides',96,'Male','+1 626 436 7194','United States','California','Oak Valley',8,'91186'),(500,'Carolann Tebbutt',112,'Male','+1 928 593 7341','United States','Arizona','Hoffman',76,'85383'),(501,'Eddy Fisbey',69,'Female','+1 615 639 2629','United States','Tennessee','Burning Wood',601,'37210'),(502,'Delbert Lathleiff',57,'Female','+1 312 147 2341','United States','Illinois','Gateway',72672,'60652'),(503,'Nathanael Head',99,'Male','+1 215 813 3687','United States','Pennsylvania','Dryden',688,'19191'),(504,'Thaine Kitchingman',89,'Male','+1 713 788 2590','United States','Texas','Mayer',47,'77276'),(505,'Niel Riseborough',98,'Male','+1 808 893 1749','United States','Hawaii','Oriole',75,'96845'),(506,'Brittne Brezlaw',101,'Female','+1 904 304 0256','United States','Florida','Pepper Wood',481,'32220'),(507,'Jermaine Lacheze',119,'Polygender','+1 856 704 0936','United States','New Jersey','Rowland',6144,'8104'),(508,'Nelia Raith',85,'Male','+1 816 770 2693','United States','Missouri','Schurz',65,'64144'),(509,'Granthem Monery',72,'Female','+1 904 115 5303','United States','Florida','Porter',525,'32215'),(510,'Jobyna Malec',28,'Male','+1 412 863 4455','United States','Pennsylvania','Clyde Gallagher',9,'15235'),(511,'Sibylle Dufour',63,'Female','+1 903 330 9588','United States','Texas','Pine View',8934,'75507'),(512,'Tiebout Frean',108,'Male','+1 650 934 4898','United States','California','Transport',28276,'90045'),(513,'Myca Whitnell',64,'Female','+1 303 717 3328','United States','Colorado','Canary',145,'80262'),(514,'Hadria Gillespey',60,'Female','+1 330 851 3346','United States','Ohio','Maple Wood',53894,'44315'),(515,'Tedmund Pauncefort',42,'Male','+1 469 576 9191','United States','Texas','Sommers',15127,'75216'),(516,'Denice Mitrikhin',88,'Male','+1 240 157 8513','United States','Maryland','Haas',1,'20883'),(517,'Daron Seegar',88,'Genderfluid','+1 303 541 4194','United States','Colorado','Bunting',43,'80305'),(518,'Meagan Ranaghan',58,'Male','+1 785 114 6229','United States','Kansas','Northland',98,'66642'),(519,'Aubrey Pietroni',114,'Female','+1 720 608 9101','United States','Colorado','Moland',6,'80204'),(520,'Elissa Kellett',49,'Female','+1 775 463 7120','United States','Nevada','Montana',54,'89595'),(521,'Clemmy Muffitt',83,'Female','+1 508 855 8019','United States','Massachusetts','Stone Corner',7,'2745'),(522,'Nikki Wynrehame',44,'Female','+1 305 877 3422','United States','Florida','Arkansas',8163,'33158'),(523,'Tony Fludgate',104,'Male','+1 775 950 7308','United States','Nevada','Monica',0,'89505'),(524,'Judah Bearcroft',100,'Male','+1 469 955 2327','United States','Texas','Lillian',2316,'75205'),(525,'Maressa Foote',105,'Female','+1 304 737 2084','United States','West Virginia','Shopko',52,'25705'),(526,'Isabel Leatherborrow',115,'Female','+1 480 229 4912','United States','Arizona','Erie',17888,'85219'),(527,'Sherwin Goady',48,'Female','+1 312 204 1137','United States','Illinois','Veith',59899,'60674'),(528,'Cynthia Banner',30,'Female','+1 316 464 2284','United States','Kansas','6th',20,'67215'),(529,'Ezechiel Passion',49,'Male','+1 202 760 7506','United States','District of Columbia','Springs',566,'20268'),(530,'Shirleen Turmell',32,'Male','+1 850 793 6559','United States','Florida','Kropf',51345,'34665'),(531,'Giorgia Bimson',86,'Male','+1 817 957 2295','United States','Texas','Ludington',3999,'76110'),(532,'Bryant Ketley',54,'Female','+1 915 425 0384','United States','Texas','Steensland',4,'79989'),(533,'Tiff Eagleton',34,'Female','+1 574 487 3857','United States','Indiana','Crescent Oaks',2678,'46699'),(534,'Bobette Jerome',25,'Female','+1 254 964 8436','United States','Texas','Chive',65,'76705'),(535,'Allis Linnane',65,'Female','+1 813 443 0711','United States','Florida','Brickson Park',7,'33633'),(536,'Anette Meth',34,'Male','+1 574 473 5542','United States','Indiana','Talisman',3,'46614'),(537,'Marna Enos',106,'Male','+1 312 794 2277','United States','Illinois','Towne',1,'60663'),(538,'Sauncho MacVean',55,'Male','+1 317 140 7336','United States','Indiana','Duke',563,'46254'),(539,'Free Francello',112,'Male','+1 202 993 3772','United States','District of Columbia','Corscot',7130,'20520'),(540,'Had Kleis',91,'Female','+1 248 358 7490','United States','Michigan','Marcy',7,'48242'),(541,'El Pantry',44,'Male','+1 214 890 1128','United States','Texas','Merchant',856,'75241'),(542,'Mario Ameer-Beg',44,'Female','+1 973 210 1492','United States','New Jersey','Duke',0,'7310'),(543,'Sebastien Mallalieu',75,'Male','+1 305 492 8077','United States','Florida','Carpenter',321,'33023'),(544,'Giacobo Swinglehurst',83,'Male','+1 256 760 2087','United States','Alabama','Redwing',0,'35895'),(545,'Ray Dorkens',52,'Female','+1 763 113 1217','United States','Minnesota','Dexter',83,'55115'),(546,'Corenda Meddings',101,'Female','+1 813 153 8405','United States','Florida','Helena',79,'33543'),(547,'Tandy Trevarthen',68,'Male','+1 215 881 0983','United States','Pennsylvania','Summerview',20,'19172'),(548,'Tim Whisker',106,'Female','+1 954 514 0420','United States','Florida','Northview',49,'33305'),(549,'Munroe Teaze',54,'Female','+1 832 232 2758','United States','Texas','Farmco',78815,'77010'),(550,'Paulina McSpirron',107,'Female','+1 954 811 4648','United States','Florida','Fallview',5979,'33330'),(551,'Lois Melby',91,'Male','+1 208 428 9560','United States','Idaho','Spaight',5,'83711'),(552,'Hendrik Meggison',106,'Male','+1 334 405 6363','United States','Alabama','Charing Cross',31,'36109'),(553,'Petrina Scoyne',63,'Male','+1 915 328 2156','United States','Texas','Farragut',5,'88579'),(554,'Wandis Brandreth',21,'Male','+1 918 217 4810','United States','Oklahoma','Pawling',5790,'74103'),(555,'Shaylynn Fillingham',117,'Female','+1 781 406 9684','United States','Massachusetts','Di Loreto',78,'1905'),(556,'Constantina Woolbrook',93,'Female','+1 719 307 8852','United States','Colorado','La Follette',856,'80951'),(557,'Cookie Greschke',41,'Male','+1 562 869 2590','United States','California','Katie',414,'90610'),(558,'Dillie Eley',41,'Female','+1 570 146 0829','United States','Pennsylvania','Oriole',10,'18706'),(559,'Arvie Ivanonko',113,'Male','+1 304 377 9789','United States','West Virginia','Crownhardt',1440,'25362'),(560,'Mick Longfellow',27,'Female','+1 319 484 6546','United States','Iowa','Sage',229,'52405'),(561,'Jae Singh',108,'Male','+1 504 332 2177','United States','Louisiana','Holy Cross',423,'70142'),(562,'Virgilio Hearnes',40,'Bigender','+1 316 683 4327','United States','Kansas','Crowley',84,'67205'),(563,'Brenden Atter',56,'Male','+1 513 361 4016','United States','Ohio','Fuller',82,'45208'),(564,'Devondra Wingrove',46,'Female','+1 757 463 3758','United States','Virginia','Fallview',2,'23436'),(565,'Neille Stanton',70,'Female','+1 313 982 4961','United States','Michigan','Dryden',44434,'48295'),(566,'Zak Baud',21,'Male','+1 478 789 8489','United States','Georgia','Esch',1593,'31296'),(567,'Kamila Sissland',41,'Female','+1 405 663 7815','United States','Oklahoma','Cascade',440,'73152'),(568,'Carlie Bibb',50,'Female','+1 208 953 9468','United States','Idaho','Esch',3,'83405'),(569,'Louella Jellyman',96,'Male','+1 903 383 9067','United States','Texas','Harper',32,'75507'),(570,'Ferdinand Blakeley',114,'Female','+1 816 119 3427','United States','Missouri','Kim',75978,'64199'),(571,'Toinette Chaffe',40,'Female','+1 865 526 1329','United States','Tennessee','Spohn',541,'37931'),(572,'Tish Hanlon',72,'Female','+1 210 189 9211','United States','Texas','Darwin',168,'78250'),(573,'Jolene McKeevers',114,'Male','+1 804 719 2759','United States','Virginia','Anzinger',0,'23237'),(574,'Jennine Warrick',71,'Male','+1 215 656 4596','United States','Pennsylvania','Grover',3407,'19160'),(575,'Delphine Smickle',110,'Male','+1 203 380 5864','United States','Connecticut','Straubel',85,'6854'),(576,'Bibby Catchpole',19,'Female','+1 234 156 1011','United States','Ohio','Troy',3665,'44760'),(577,'Dahlia Yeldon',31,'Agender','+1 239 512 7423','United States','Florida','Moland',8,'33963'),(578,'Glenine Northern',31,'Male','+1 320 680 9005','United States','Minnesota','Scofield',23,'56398'),(579,'Kyle Ginnety',87,'Male','+1 210 286 9450','United States','Texas','Dayton',62183,'78225'),(580,'Blinny Farress',58,'Male','+1 360 628 0927','United States','Washington','Washington',255,'98687'),(581,'Malva Kopta',64,'Female','+1 314 913 5863','United States','Missouri','Laurel',1,'63104'),(582,'Nickolai Harlick',67,'Female','+1 408 795 2521','United States','California','Anderson',9,'95150'),(583,'Arda Grigoletti',103,'Male','+1 626 709 3284','United States','California','Novick',826,'91199'),(584,'Brodie Tire',55,'Male','+1 609 578 8058','United States','New Jersey','North',9,'8638'),(585,'Shaw Thew',83,'Male','+1 801 670 6501','United States','Utah','Vera',40702,'84403'),(586,'Enrico Coombs',106,'Female','+1 651 304 0927','United States','Minnesota','Forster',7248,'55188'),(587,'Georgia Widdicombe',109,'Male','+1 205 835 3214','United States','Alabama','Forster',34990,'35225'),(588,'Inessa Laite',18,'Male','+1 602 689 4693','United States','Arizona','Sunfield',560,'85205'),(589,'Yolande Cable',26,'Male','+1 918 192 1411','United States','Oklahoma','Dunning',20323,'74149'),(590,'Christa Bulger',42,'Female','+1 716 897 7038','United States','New York','Westerfield',8904,'14220'),(591,'Chrissie Gallamore',26,'Female','+1 864 135 3845','United States','South Carolina','Little Fleur',2,'29610'),(592,'Philippa Strelitzki',114,'Female','+1 915 595 1731','United States','Texas','Bartillon',894,'79911'),(593,'Gerianna Ilewicz',97,'Male','+1 214 775 0188','United States','Texas','Chive',1,'75221'),(594,'Angie Ragge',34,'Female','+1 413 901 7843','United States','Massachusetts','Ilene',2,'1114'),(595,'Fredericka Cundict',105,'Female','+1 212 894 8922','United States','New York','Fallview',255,'11431'),(596,'Lorita Briscam',86,'Male','+1 310 340 3787','United States','California','Rigney',120,'90025'),(597,'Siegfried Sherme',71,'Female','+1 505 356 3763','United States','New Mexico','Montana',31,'88006'),(598,'Horten Blinder',44,'Female','+1 706 140 5663','United States','Georgia','Hermina',395,'31914'),(599,'Ole Wigley',78,'Female','+1 915 666 3123','United States','Texas','Nevada',76288,'79950'),(600,'Merola Longfoot',34,'Male','+1 316 230 3514','United States','Kansas','Clarendon',6830,'67210'),(601,'Reinhold Lauks',32,'Female','+1 646 788 2446','United States','New York','Kingsford',34818,'10034'),(602,'Royall Varden',105,'Male','+1 408 990 8771','United States','California','Declaration',50641,'95155'),(603,'Cassi Bocken',63,'Female','+1 205 252 8931','United States','Alabama','Redwing',4,'35231'),(604,'Korry Imlen',76,'Male','+1 352 969 0604','United States','Florida','Quincy',2,'32605'),(605,'Killy Pesterfield',101,'Male','+1 601 311 9029','United States','Mississippi','Ruskin',3215,'39404'),(606,'Corey Mote',33,'Female','+1 952 670 8596','United States','Minnesota','Larry',104,'55551'),(607,'Eba Willavize',56,'Female','+1 619 906 5107','United States','California','Lake View',62,'92186'),(608,'Magdalena Birds',70,'Female','+1 248 850 6936','United States','Michigan','Vernon',61,'48335'),(609,'Lorrie Pifford',90,'Female','+1 720 325 0897','United States','Colorado','Shelley',766,'80255'),(610,'Cello Poulett',34,'Female','+1 303 156 9471','United States','Colorado','Little Fleur',94988,'80279'),(611,'Jackson Rosten',74,'Female','+1 415 843 7118','United States','California','Anderson',6867,'94137'),(612,'Cal Benning',91,'Male','+1 334 457 4987','United States','Alabama','Victoria',68,'36109'),(613,'Esra Roches',111,'Female','+1 434 583 4014','United States','Virginia','Corry',7605,'24503'),(614,'Vlad Retallick',36,'Male','+1 813 248 3012','United States','Florida','Morning',84137,'33543'),(615,'Saidee Gainsford',67,'Male','+1 202 161 7726','United States','District of Columbia','Corscot',7919,'20456'),(616,'Hillary Aronstein',56,'Female','+1 408 394 4841','United States','California','Hoepker',6281,'95160'),(617,'Katlin Edgington',35,'Male','+1 714 548 0792','United States','California','Division',0,'92835'),(618,'Travus Redihough',42,'Female','+1 205 194 1417','United States','Alabama','Shopko',8,'35236'),(619,'Alan Govett',66,'Female','+1 202 535 1961','United States','District of Columbia','Chinook',5321,'20319'),(620,'Durand Rannie',94,'Female','+1 502 299 4077','United States','Kentucky','Ludington',478,'40215'),(621,'Tobey Sifleet',81,'Male','+1 570 623 7950','United States','Pennsylvania','Gulseth',9,'18505'),(622,'Cahra Needs',32,'Male','+1 702 576 1234','United States','Nevada','Hintze',32296,'89087'),(623,'Harris Sea',29,'Genderfluid','+1 918 569 4243','United States','Oklahoma','Transport',644,'74116'),(624,'Gennie Cleef',116,'Male','+1 608 376 6056','United States','Wisconsin','Bluejay',3437,'53716'),(625,'Joli Grafton-Herbert',45,'Female','+1 321 537 3953','United States','Florida','Linden',2170,'32835'),(626,'Regan Valett',69,'Female','+1 859 653 2692','United States','Kentucky','Anderson',1,'40591'),(627,'Simmonds Kubin',26,'Female','+1 678 664 2415','United States','Georgia','Hoard',57,'30092'),(628,'Anabelle Gyde',98,'Female','+1 203 294 6747','United States','Connecticut','Dovetail',27144,'6726'),(629,'Melosa Sacker',85,'Male','+1 217 401 3361','United States','Illinois','Cascade',344,'62776'),(630,'Arlie Harrington',75,'Male','+1 719 615 6729','United States','Colorado','Granby',329,'80945'),(631,'Eduard Stonard',99,'Female','+1 918 246 8542','United States','Oklahoma','Comanche',889,'74116'),(632,'Allin Willmott',72,'Female','+1 502 583 9849','United States','Kentucky','Fairview',54039,'40266'),(633,'Modesty Guinery',114,'Male','+1 480 618 5660','United States','Arizona','6th',650,'85020'),(634,'Michelle Hatch',53,'Female','+1 414 505 9965','United States','Wisconsin','Talmadge',54707,'53285'),(635,'Napoleon Boyfield',113,'Male','+1 915 743 2542','United States','Texas','3rd',29102,'88525'),(636,'Gussie Bonas',71,'Male','+1 919 287 8854','United States','North Carolina','Northridge',9720,'27635'),(637,'Devy Bunny',43,'Female','+1 727 830 3664','United States','Florida','Everett',94,'33731'),(638,'Brear Fish',73,'Female','+1 319 299 7689','United States','Iowa','Arrowood',91043,'52410'),(639,'Riane Custed',40,'Male','+1 512 403 6716','United States','Texas','Blackbird',13,'78754'),(640,'Darsie Code',106,'Female','+1 806 140 1607','United States','Texas','Farwell',2,'79159'),(641,'Conant Tuerena',19,'Male','+1 828 193 6223','United States','North Carolina','Hollow Ridge',6681,'28815'),(642,'Phillipp Stiell',51,'Female','+1 203 722 4076','United States','Connecticut','Green',93463,'6105'),(643,'Tova Duiguid',111,'Bigender','+1 404 722 8847','United States','Georgia','Vidon',9,'31196'),(644,'Alasteir Abrahamian',85,'Male','+1 407 227 1961','United States','Florida','Columbus',74694,'32803'),(645,'Corny Biddleston',36,'Male','+1 410 835 9887','United States','Maryland','Prairie Rose',45,'20709'),(646,'Bobinette Stowe',75,'Male','+1 339 366 0097','United States','Massachusetts','Rusk',8626,'1905'),(647,'Herschel Fairburn',90,'Female','+1 248 440 0682','United States','Michigan','Dakota',2,'48335'),(648,'Courtnay Snowling',81,'Female','+1 614 711 0845','United States','Ohio','Northfield',0,'43284'),(649,'Lindsey Briscam',98,'Female','+1 415 953 0603','United States','California','Monument',45173,'94142'),(650,'Ferdinand Casewell',120,'Male','+1 402 933 8611','United States','Nebraska','Tennessee',3576,'68105'),(651,'Janek Medlar',42,'Female','+1 509 315 9137','United States','Washington','Dahle',39467,'99210'),(652,'Ella Thwaites',86,'Male','+1 213 594 6385','United States','California','Hanover',883,'91499'),(653,'Lulita Clyma',39,'Female','+1 806 984 3317','United States','Texas','Monterey',2145,'79405'),(654,'Julia Rimes',84,'Male','+1 202 456 6448','United States','District of Columbia','Milwaukee',27,'20051'),(655,'Roland Woodroofe',60,'Female','+1 415 717 9631','United States','California','Pawling',168,'94159'),(656,'Henrietta Summerlad',34,'Male','+1 219 250 0130','United States','Indiana','Luster',267,'46406'),(657,'Rozella Gillon',112,'Female','+1 914 282 4673','United States','New York','Elgar',452,'10310'),(658,'Bartlett Sweett',119,'Female','+1 612 466 1173','United States','Minnesota','Lunder',83,'55487'),(659,'Shurwood Allewell',86,'Male','+1 303 824 4518','United States','Colorado','Eagan',7235,'80270'),(660,'Bernie MacDaid',100,'Female','+1 817 312 1386','United States','Texas','Rusk',5,'76134'),(661,'Edd Meeking',25,'Bigender','+1 623 326 3109','United States','Arizona','Almo',6,'85015'),(662,'Rozalin Mora',25,'Female','+1 716 676 1726','United States','New York','Mccormick',65,'14210'),(663,'Tybi Wogden',103,'Female','+1 405 900 2275','United States','Oklahoma','Bluestem',111,'73152'),(664,'Mei Hamblin',114,'Non-binary','+1 513 343 7667','United States','Ohio','Corry',610,'45264'),(665,'Brandy Benedikt',33,'Male','+1 601 477 9646','United States','Mississippi','Northview',27079,'39282'),(666,'Abdul Knowller',72,'Male','+1 509 448 0327','United States','Washington','Pierstorff',222,'99260'),(667,'Muhammad Iston',89,'Male','+1 304 398 5596','United States','West Virginia','Barnett',3,'25705'),(668,'Merrielle Stepney',52,'Female','+1 406 932 5291','United States','Montana','Forest Dale',157,'59112'),(669,'Penny Lerego',20,'Non-binary','+1 609 334 6027','United States','New Jersey','Sloan',3,'8695'),(670,'Ardelle Tewnion',112,'Female','+1 949 941 4191','United States','California','Green Ridge',870,'92805'),(671,'Berty Parlett',115,'Female','+1 231 432 0301','United States','Michigan','Longview',32373,'49444'),(672,'Nicolea Mauvin',25,'Male','+1 310 410 9183','United States','California','Jenna',868,'90405'),(673,'Giacomo Yuill',68,'Female','+1 212 248 9485','United States','New York','Waxwing',42505,'10090'),(674,'Mellisa Boddie',77,'Female','+1 337 594 6287','United States','Louisiana','Bellgrove',0,'70616'),(675,'Vernon Cleyne',58,'Female','+1 203 838 4958','United States','Connecticut','Rigney',9,'6912'),(676,'Blane Petrusch',41,'Male','+1 205 975 2015','United States','Alabama','Crest Line',564,'35242'),(677,'Lucienne Huggen',39,'Male','+1 914 935 6700','United States','New York','Old Gate',255,'10557'),(678,'Gan Blease',96,'Female','+1 434 838 4154','United States','Virginia','Pennsylvania',79,'24503'),(679,'Ardelia Gingel',29,'Male','+1 303 129 7736','United States','Colorado','Rieder',458,'80262'),(680,'Rudolfo Rosenberg',32,'Female','+1 253 434 8207','United States','Washington','Autumn Leaf',468,'98498'),(681,'Tades Meiningen',97,'Male','+1 202 250 4311','United States','District of Columbia','Summerview',83,'20029'),(682,'Zandra Teligin',20,'Female','+1 602 940 1477','United States','Arizona','Morrow',18615,'85062'),(683,'Jeremias Neggrini',109,'Female','+1 414 774 4115','United States','Wisconsin','Moulton',2569,'53234'),(684,'Xever Downing',85,'Male','+1 360 967 9278','United States','Washington','Gale',6129,'98104'),(685,'Kittie Gennings',46,'Male','+1 570 598 4233','United States','Pennsylvania','Susan',7,'18706'),(686,'Harlin Broxholme',65,'Female','+1 501 214 6013','United States','Arkansas','Fairfield',48133,'72215'),(687,'Elfreda Summersett',102,'Female','+1 337 961 6150','United States','Louisiana','Sauthoff',93,'70616'),(688,'Eula Ramel',75,'Female','+1 202 230 3725','United States','District of Columbia','Dahle',332,'20226'),(689,'Curt Brockington',119,'Male','+1 760 852 9692','United States','California','Dixon',411,'92415'),(690,'Carlyle Wheble',42,'Female','+1 802 828 1198','United States','Vermont','Mayer',633,'5609'),(691,'Freeland Edmondson',83,'Male','+1 913 169 3506','United States','Kansas','Loftsgordon',791,'66276'),(692,'Lolly Sier',25,'Female','+1 407 804 1393','United States','Florida','Dixon',45,'33884'),(693,'Pegeen Kenwrick',28,'Male','+1 717 996 1032','United States','Pennsylvania','Longview',108,'17140'),(694,'Gilda Blandamere',49,'Non-binary','+1 262 536 6890','United States','Wisconsin','Weeping Birch',866,'53210'),(695,'Keri McIlhatton',28,'Male','+1 720 733 4882','United States','Colorado','Beilfuss',12,'80127'),(696,'Irita Currigan',22,'Male','+1 754 501 6376','United States','Florida','Hallows',5,'33336'),(697,'Sheppard Woolatt',29,'Female','+1 719 625 1662','United States','Colorado','School',8173,'81015'),(698,'Elton Trowill',25,'Male','+1 530 394 1132','United States','California','1st',28,'96154'),(699,'Philipa Selland',79,'Male','+1 317 998 1301','United States','Indiana','Green Ridge',816,'46207'),(700,'Matias Tockell',87,'Male','+1 806 938 4108','United States','Texas','Monica',8,'79171'),(701,'Hynda Carbine',56,'Female','+1 937 976 1590','United States','Ohio','Valley Edge',278,'45505'),(702,'Laney Elkington',55,'Female','+1 937 273 1127','United States','Ohio','Kennedy',763,'45426'),(703,'Genni Ianno',58,'Male','+1 540 433 6772','United States','Virginia','John Wall',7,'23225'),(704,'Mohammed Mothersdale',81,'Female','+1 203 567 9492','United States','Connecticut','Bartillon',90746,'6854'),(705,'Sheffy Herries',65,'Female','+1 803 494 8550','United States','South Carolina','Bayside',587,'29208'),(706,'Vania Edser',68,'Male','+1 704 947 8117','United States','North Carolina','Packers',9,'28263'),(707,'Bert Hanne',40,'Male','+1 240 628 0462','United States','Maryland','Ohio',388,'21705'),(708,'Maria Issacov',25,'Male','+1 305 943 0353','United States','Florida','Schlimgen',94116,'33018'),(709,'Rosemaria Pomeroy',108,'Non-binary','+1 713 165 8295','United States','Texas','Pierstorff',4,'77090'),(710,'Joete Greep',118,'Female','+1 615 445 1163','United States','Tennessee','East',62,'37235'),(711,'Christie Soame',66,'Female','+1 727 251 9175','United States','Florida','Myrtle',712,'33777'),(712,'Jacquenette Brattell',110,'Male','+1 503 565 3851','United States','Oregon','Dovetail',80,'97306'),(713,'Jeralee Shrimplin',91,'Female','+1 321 815 5785','United States','Florida','Sauthoff',1,'32941'),(714,'Chrysa Kauble',26,'Male','+1 619 679 6254','United States','California','Veith',4040,'92191'),(715,'Keary Roxby',114,'Male','+1 806 806 5276','United States','Texas','Iowa',1,'79415'),(716,'Truman Episcopi',66,'Male','+1 573 872 7405','United States','Missouri','Barby',1793,'65218'),(717,'Andree Janman',75,'Male','+1 602 707 9434','United States','Arizona','Sachtjen',25288,'85255'),(718,'Coralie Petti',79,'Female','+1 940 366 9674','United States','Texas','Sunbrook',754,'76305'),(719,'Helsa Marjoram',65,'Male','+1 508 169 6240','United States','Massachusetts','Lawn',0,'2305'),(720,'Buddy Osburn',54,'Male','+1 253 232 3265','United States','Washington','Marquette',214,'98166'),(721,'Burt Johnston',41,'Female','+1 937 379 5221','United States','Ohio','Fieldstone',730,'45414'),(722,'Suzann Rolling',81,'Male','+1 319 900 8384','United States','Iowa','Mayer',59,'50706'),(723,'Blayne Turbefield',78,'Male','+1 845 875 1492','United States','New York','Pepper Wood',1,'10606'),(724,'Town Kenneway',79,'Male','+1 862 192 2506','United States','New Jersey','Miller',335,'7505'),(725,'Thatch Colvin',69,'Female','+1 937 547 1337','United States','Ohio','Coleman',67,'45432'),(726,'Gardie MacKettrick',51,'Female','+1 515 803 1459','United States','Iowa','Mendota',83812,'50347'),(727,'Zachery Hold',29,'Male','+1 601 951 4619','United States','Mississippi','Fairview',72,'39210'),(728,'Dionysus Breed',60,'Male','+1 315 317 2609','United States','New York','Nancy',98,'13505'),(729,'Mellie Coole',96,'Female','+1 859 640 5865','United States','Kentucky','Sommers',160,'40524'),(730,'Yankee Shuker',115,'Female','+1 253 791 4483','United States','Washington','Mesta',47,'98424'),(731,'Selena Mallows',27,'Male','+1 203 377 1564','United States','Connecticut','Charing Cross',9548,'6673'),(732,'Kendall Meikle',39,'Male','+1 570 806 2910','United States','Pennsylvania','Village Green',85,'18514'),(733,'Mommy Pochin',26,'Male','+1 940 971 7011','United States','Texas','Oneill',290,'76305'),(734,'Ricki Kowal',119,'Male','+1 646 442 6889','United States','New York','Lakewood',49,'10099'),(735,'Aretha Newis',80,'Male','+1 404 839 6361','United States','Georgia','Roth',48736,'30356'),(736,'Leora Zellick',114,'Male','+1 202 999 6365','United States','District of Columbia','Rockefeller',3535,'20397'),(737,'Margette Hugonnet',45,'Non-binary','+1 706 367 5481','United States','Georgia','Surrey',60562,'31914'),(738,'Dorthea Woolforde',74,'Female','+1 727 491 6836','United States','Florida','Almo',369,'34643'),(739,'Angel Ennever',69,'Male','+1 347 359 7555','United States','New York','Melvin',2,'11355'),(740,'Marci Hinsch',58,'Female','+1 810 701 2716','United States','Michigan','Cardinal',51,'48211'),(741,'Harper Maskew',44,'Female','+1 757 436 2375','United States','Virginia','Lakeland',655,'23612'),(742,'Imelda Behling',19,'Female','+1 419 675 0555','United States','Ohio','Waywood',6322,'43635'),(743,'Michaela Rugge',74,'Female','+1 412 170 4874','United States','Pennsylvania','Washington',28,'15215'),(744,'Elyssa Outhwaite',98,'Male','+1 312 483 2689','United States','Illinois','Morningstar',5299,'60691'),(745,'Leanna Allmond',106,'Male','+1 714 967 1348','United States','California','Stuart',9,'92710'),(746,'Austin Lanchbury',60,'Female','+1 210 265 2071','United States','Texas','Kensington',53,'78296'),(747,'Palm Parsell',92,'Female','+1 304 390 6362','United States','West Virginia','Farragut',44256,'25705'),(748,'Wilhelmine Matthiae',102,'Genderqueer','+1 425 591 6683','United States','Washington','Southridge',11179,'98158'),(749,'Shem Cummungs',30,'Female','+1 425 746 8601','United States','Washington','Nobel',3,'98109'),(750,'Harlan Ricardon',77,'Female','+1 423 579 6285','United States','Tennessee','Independence',69706,'37665'),(751,'Almire Skelhorn',85,'Male','+1 315 364 1383','United States','New York','Arrowood',362,'14614'),(752,'Louisa Castaignet',24,'Female','+1 320 828 7110','United States','Minnesota','Aberg',282,'56398'),(753,'Cristabel Lindores',112,'Male','+1 609 610 9150','United States','New Jersey','Bartelt',58095,'8608'),(754,'Marj Westerman',110,'Female','+1 804 121 1889','United States','Virginia','Carpenter',9239,'23285'),(755,'Hilarius Tidmarsh',113,'Female','+1 312 846 0138','United States','Illinois','Dexter',8306,'60663'),(756,'Lotti Caghan',38,'Agender','+1 941 117 5267','United States','Florida','Fisk',6,'34135'),(757,'Maryann Somers',101,'Female','+1 361 433 0404','United States','Texas','Jenifer',2545,'78415'),(758,'Velma Pengilley',98,'Male','+1 570 603 7140','United States','Pennsylvania','Bellgrove',65404,'18505'),(759,'Hillary Cosgreave',34,'Female','+1 816 534 7855','United States','Missouri','Gina',134,'64101'),(760,'Ilsa Byrcher',103,'Male','+1 765 944 2300','United States','Indiana','Knutson',3001,'46202'),(761,'Amil Lushey',21,'Female','+1 901 518 1476','United States','Tennessee','Elmside',989,'38136'),(762,'Delphinia Reuven',20,'Male','+1 215 651 4114','United States','Pennsylvania','Everett',88,'19115'),(763,'Colby Blacklidge',39,'Female','+1 518 200 0556','United States','New York','Onsgard',306,'12210'),(764,'Shandra Brimilcombe',67,'Female','+1 405 946 7570','United States','Oklahoma','Village Green',837,'73104'),(765,'Orin Nettles',90,'Female','+1 706 911 5359','United States','Georgia','Russell',44,'30911'),(766,'Dawn Haddow',47,'Male','+1 816 506 6930','United States','Missouri','Union',9,'64054'),(767,'Delainey Casely',58,'Male','+1 352 171 7162','United States','Florida','Orin',86445,'34611'),(768,'Eustacia Taggerty',42,'Female','+1 801 168 0885','United States','Utah','Grover',6511,'84115'),(769,'Corena Algy',46,'Male','+1 704 863 5737','United States','North Carolina','Dawn',9,'28055'),(770,'Edi Schurcke',33,'Male','+1 616 606 6778','United States','Michigan','Portage',17,'49505'),(771,'Wini Athy',114,'Male','+1 540 424 8536','United States','Virginia','Waxwing',46174,'24040'),(772,'Belva Ailsbury',71,'Female','+1 682 479 6069','United States','Texas','Stoughton',6,'76178'),(773,'Andromache Dryburgh',83,'Female','+1 208 634 4703','United States','Idaho','Grim',9,'83705'),(774,'Cacilie Lazenby',82,'Female','+1 757 506 5714','United States','Virginia','Garrison',848,'23459'),(775,'Cally Chadbourne',108,'Male','+1 505 334 3696','United States','New Mexico','Sundown',63,'87140'),(776,'Margret Belfrage',26,'Male','+1 801 708 5737','United States','Utah','Southridge',748,'84120'),(777,'Francisca Silverthorn',54,'Male','+1 205 545 9309','United States','Alabama','Barnett',0,'35295'),(778,'Kyle True',81,'Male','+1 909 762 0097','United States','California','Jay',8182,'92424'),(779,'Prescott Wyllis',26,'Female','+1 763 464 4041','United States','Minnesota','Dayton',670,'55590'),(780,'Pandora Harbach',41,'Male','+1 317 117 7855','United States','Indiana','Reinke',4143,'46216'),(781,'Alard Gounel',85,'Male','+1 718 694 8967','United States','New York','Redwing',10,'11220'),(782,'Karlotte Lecointe',114,'Female','+1 717 782 1839','United States','Pennsylvania','Waywood',298,'17605'),(783,'Rooney Pollitt',95,'Female','+1 203 671 6726','United States','Connecticut','Homewood',2396,'6854'),(784,'Skip Toseland',78,'Male','+1 662 348 2977','United States','Mississippi','Acker',7,'39705'),(785,'Pennie Palfrey',116,'Female','+1 312 976 4469','United States','Illinois','Amoth',10,'60681'),(786,'Sheba Dantesia',108,'Male','+1 419 836 2368','United States','Ohio','Redwing',7420,'45807'),(787,'Janenna Cankett',52,'Male','+1 915 471 2423','United States','Texas','Algoma',7628,'88553'),(788,'Gage Purkiss',67,'Male','+1 509 925 3241','United States','Washington','Anderson',994,'99210'),(789,'Gilli McElree',21,'Non-binary','+1 215 901 3229','United States','Pennsylvania','Donald',11357,'19131'),(790,'Nicolina Spridgeon',66,'Female','+1 315 373 0745','United States','New York','Dahle',439,'13210'),(791,'Leah Cuthill',30,'Male','+1 706 151 0616','United States','Georgia','1st',2,'31914'),(792,'Susannah Tubby',26,'Male','+1 773 975 4395','United States','Illinois','Merchant',14373,'60604'),(793,'Ynez Rolinson',118,'Male','+1 405 592 3783','United States','Oklahoma','Hudson',719,'73179'),(794,'Hamilton Franzonello',95,'Male','+1 303 574 3014','United States','Colorado','Rowland',59,'80270'),(795,'Nolana Wastell',60,'Female','+1 702 132 1215','United States','Nevada','Burning Wood',6,'89115'),(796,'Honey Smalridge',50,'Female','+1 509 501 7008','United States','Washington','Clyde Gallagher',133,'99205'),(797,'Findlay Hacard',45,'Female','+1 661 137 6860','United States','California','Heath',50085,'93591'),(798,'Edgar Casse',30,'Female','+1 617 813 4248','United States','Massachusetts','Roxbury',3133,'2124'),(799,'Kylila Frany',80,'Female','+1 303 562 6880','United States','Colorado','Artisan',8,'80262'),(800,'Bernadine Hartell',87,'Female','+1 503 867 7789','United States','Oregon','Division',245,'97296'),(801,'Blanch Bloxsom',117,'Male','+1 719 947 1868','United States','Colorado','Warrior',74410,'81005'),(802,'Doloritas Bogue',56,'Male','+1 248 768 7433','United States','Michigan','Ohio',6,'48258'),(803,'Lucretia Willas',77,'Male','+1 303 161 7555','United States','Colorado','Monument',6881,'80270'),(804,'Hildagard Moulsdale',120,'Male','+1 209 610 3769','United States','California','Blue Bill Park',74027,'95298'),(805,'Lawry Johannes',69,'Male','+1 775 540 1936','United States','Nevada','Corscot',514,'89550'),(806,'Maurie Bollin',110,'Bigender','+1 317 896 9614','United States','Indiana','Cardinal',52061,'46231'),(807,'Johnath Portwaine',110,'Male','+1 626 648 3922','United States','California','Myrtle',8628,'91520'),(808,'Melony Kenwin',46,'Female','+1 717 819 2028','United States','Pennsylvania','Almo',6,'17110'),(809,'Carley Bentje',94,'Male','+1 901 604 4475','United States','Tennessee','Kenwood',3713,'38136'),(810,'Corey Kerton',49,'Genderqueer','+1 563 344 9442','United States','Iowa','Florence',18104,'52804'),(811,'Amalle Karolczyk',36,'Polygender','+1 727 423 2164','United States','Florida','Melvin',8,'34615'),(812,'Fiann Lehrmann',96,'Male','+1 808 844 0734','United States','Hawaii','Sloan',13658,'96805'),(813,'Jo-anne Kittles',100,'Male','+1 502 729 7782','United States','Kentucky','Blackbird',95648,'40250'),(814,'Tirrell Seavers',71,'Female','+1 336 659 1701','United States','North Carolina','Forest Run',98,'27499'),(815,'Ber Creavan',65,'Male','+1 202 356 7129','United States','District of Columbia','Corry',91,'20380'),(816,'Jephthah Craze',33,'Male','+1 510 339 6304','United States','California','Wayridge',11595,'94605'),(817,'Karry Chsteney',23,'Female','+1 786 315 2606','United States','Florida','Carpenter',8,'33018'),(818,'Codi Joder',21,'Female','+1 530 215 7889','United States','California','Fair Oaks',5764,'96154'),(819,'Urbain Benedikt',111,'Male','+1 330 513 7941','United States','Ohio','Main',409,'44511'),(820,'Rebeca Pocknoll',87,'Female','+1 860 428 2341','United States','Connecticut','Annamark',3,'6127'),(821,'Cyril Cheer',102,'Bigender','+1 641 947 5756','United States','Iowa','Mariners Cove',5059,'50315'),(822,'Agneta Connold',106,'Female','+1 605 301 2922','United States','South Dakota','Dayton',2,'57105'),(823,'Gabriel Warrell',90,'Bigender','+1 562 582 7863','United States','California','Tomscot',5325,'90847'),(824,'Davita McGarrie',79,'Male','+1 602 875 0135','United States','Arizona','Oakridge',970,'85015'),(825,'Cherey Stroyan',75,'Genderfluid','+1 301 290 6333','United States','Maryland','Mariners Cove',11585,'21203'),(826,'Sheridan Tidd',102,'Male','+1 213 910 7841','United States','California','Thompson',5,'91499'),(827,'Aline Law',30,'Male','+1 937 332 2742','United States','Ohio','Meadow Valley',875,'45490'),(828,'Wain Adnet',61,'Female','+1 518 216 7543','United States','New York','David',72,'12325'),(829,'Antonie Luard',34,'Female','+1 915 764 9399','United States','Texas','Trailsway',9,'88574'),(830,'Bord Spedding',47,'Female','+1 865 457 2555','United States','Tennessee','Tennyson',44,'37919'),(831,'Jamima Hardy',30,'Male','+1 612 671 4734','United States','Minnesota','Holy Cross',15,'55423'),(832,'Naomi Delion',40,'Male','+1 508 856 2695','United States','Massachusetts','Wayridge',9575,'2162'),(833,'Lizzy Whatson',58,'Female','+1 310 518 4712','United States','California','Bartillon',6,'90405'),(834,'Toni Searsby',63,'Male','+1 915 278 5010','United States','Texas','Buhler',85718,'79989'),(835,'Henrietta Cesconi',103,'Male','+1 704 654 1348','United States','North Carolina','Dayton',643,'28299'),(836,'Dannie Mowday',90,'Male','+1 713 223 9578','United States','Texas','Jenna',10688,'77288'),(837,'Nona Lebarree',49,'Female','+1 202 215 0468','United States','District of Columbia','Lighthouse Bay',799,'20005'),(838,'Oralie Isgar',43,'Genderqueer','+1 404 666 4356','United States','Georgia','Kenwood',6709,'30343'),(839,'Conway Montez',67,'Male','+1 804 409 8333','United States','Virginia','Norway Maple',2,'23289'),(840,'Libbey Dobrovolny',49,'Male','+1 859 594 9553','United States','Kentucky','Dorton',0,'40546'),(841,'Leigha People',107,'Female','+1 302 884 7680','United States','Delaware','Reinke',172,'19897'),(842,'Julio Pawelczyk',97,'Male','+1 402 337 5597','United States','Nebraska','Village',6,'68144'),(843,'Archibald Edelheit',59,'Genderqueer','+1 915 520 0851','United States','Texas','American Ash',462,'88519'),(844,'Marcille Pelcheur',107,'Male','+1 702 303 8972','United States','Nevada','Kings',47580,'89130'),(845,'Berny Naylor',96,'Male','+1 202 523 2098','United States','District of Columbia','Old Shore',7112,'20420'),(846,'Cully Guise',35,'Male','+1 785 855 4520','United States','Kansas','Lindbergh',581,'66642'),(847,'Lorilee Borborough',99,'Female','+1 904 146 8651','United States','Florida','Waxwing',566,'32215'),(848,'Emelyne Jandak',21,'Female','+1 251 124 5232','United States','Alabama','Bowman',4,'36641'),(849,'Dosi Giovannetti',54,'Male','+1 314 470 2475','United States','Missouri','Red Cloud',6462,'63196'),(850,'Charlot Hubbucke',87,'Male','+1 562 399 1780','United States','California','Dakota',56,'94110'),(851,'Iosep Sustins',37,'Female','+1 402 100 7228','United States','Nebraska','Hanson',1,'68583'),(852,'Dominick Kemell',102,'Female','+1 952 230 8928','United States','Minnesota','Graceland',79388,'55557'),(853,'Michaelina Drayson',82,'Female','+1 856 691 3420','United States','New Jersey','American Ash',87,'8104'),(854,'Georas Maidens',69,'Female','+1 469 111 7056','United States','Texas','Carioca',818,'75236'),(855,'Teena Whittaker',74,'Agender','+1 760 882 6075','United States','California','Sachtjen',2694,'92668'),(856,'Saba Sandell',37,'Male','+1 402 462 2012','United States','Nebraska','Moose',479,'68510'),(857,'Amalee Douthwaite',33,'Male','+1 559 507 6669','United States','California','Daystar',2817,'93740'),(858,'Llywellyn Conen',108,'Female','+1 952 507 9708','United States','Minnesota','Pankratz',5,'55423'),(859,'Karim Besant',106,'Female','+1 419 356 1888','United States','Ohio','Jana',4,'43605'),(860,'Jillie Dunsmore',72,'Female','+1 763 349 8892','United States','Minnesota','Steensland',5829,'55115'),(861,'Eddie Horsburgh',86,'Female','+1 513 307 1776','United States','Ohio','Basil',8826,'45249'),(862,'Afton Hyne',90,'Male','+1 818 985 2719','United States','California','Hoffman',1,'90035'),(863,'Gertrud Fitzackerley',116,'Female','+1 972 424 3484','United States','Texas','Mallard',7224,'75185'),(864,'Asher Musselwhite',44,'Female','+1 214 126 5456','United States','Texas','Randy',67,'75260'),(865,'Stanislas Gelling',86,'Female','+1 513 245 3407','United States','Ohio','Center',86750,'45218'),(866,'Corbin Cullin',47,'Genderqueer','+1 804 372 1496','United States','Virginia','Bay',53,'23285'),(867,'Annecorinne Tooby',99,'Male','+1 317 451 2166','United States','Indiana','Merrick',83791,'46207'),(868,'Carolus Basnett',41,'Female','+1 305 692 4123','United States','Florida','Village',5,'33185'),(869,'Dolley Statersfield',87,'Female','+1 405 853 6508','United States','Oklahoma','Bartelt',33,'73142'),(870,'Idette Alyutin',55,'Male','+1 336 525 5559','United States','North Carolina','Hudson',2,'27116'),(871,'Eadie Schinetti',96,'Female','+1 760 536 4385','United States','California','Moulton',8,'92668'),(872,'Aaren Merrill',72,'Female','+1 334 557 7024','United States','Alabama','Bartillon',895,'36134'),(873,'Sigfrid Willshere',84,'Female','+1 706 585 9473','United States','Georgia','Mendota',9697,'31998'),(874,'Lem Prati',104,'Female','+1 612 123 2305','United States','Minnesota','Steensland',338,'55417'),(875,'Frannie Brayfield',51,'Female','+1 317 487 7794','United States','Indiana','Magdeline',672,'46207'),(876,'Jerri Mee',117,'Male','+1 916 862 9180','United States','California','Sachtjen',6,'94291'),(877,'Dwight Shee',36,'Male','+1 646 438 7108','United States','New York','Troy',2320,'10110'),(878,'Jenilee Grinston',19,'Male','+1 623 386 7887','United States','Arizona','Bluestem',25123,'85260'),(879,'Emanuele Jahnel',105,'Male','+1 419 549 6702','United States','Ohio','Green',995,'43666'),(880,'Leanor Creamen',107,'Male','+1 661 595 2249','United States','California','Logan',2,'93584'),(881,'Brana Sills',82,'Female','+1 907 903 1090','United States','Alaska','Swallow',82,'99507'),(882,'Quinton Baelde',111,'Female','+1 304 632 1251','United States','West Virginia','Mcguire',19,'25356'),(883,'Henrik Krollman',114,'Male','+1 208 502 2022','United States','Idaho','Monument',7,'83705'),(884,'Eachelle Lemmer',30,'Male','+1 573 891 8363','United States','Missouri','Killdeer',271,'65110'),(885,'Kristopher Sibbert',53,'Female','+1 915 970 9396','United States','Texas','Dayton',97988,'88530'),(886,'Lanie Haddock',73,'Male','+1 701 215 4296','United States','North Dakota','Valley Edge',240,'58122'),(887,'Briant Doudney',61,'Female','+1 212 240 8638','United States','New York','Meadow Vale',1768,'10292'),(888,'Weider Caustic',117,'Male','+1 937 476 4356','United States','Ohio','Larry',69521,'45440'),(889,'Gilbert Tussaine',89,'Female','+1 503 690 4258','United States','Oregon','Westerfield',1,'97286'),(890,'Ruben Soigoux',104,'Male','+1 361 264 5347','United States','Texas','Hanover',8,'78405'),(891,'Marlow Essex',43,'Male','+1 518 858 1455','United States','New York','Lakewood',8,'12232'),(892,'Florrie Pollett',98,'Male','+1 540 232 0968','United States','Virginia','Melody',22217,'24020'),(893,'Court Dericut',34,'Genderqueer','+1 215 627 1271','United States','Pennsylvania','Blackbird',91,'19093'),(894,'Zilvia Stealey',119,'Male','+1 757 763 1495','United States','Virginia','Bunker Hill',3624,'23436'),(895,'Kerr Overpool',113,'Male','+1 303 610 4980','United States','Colorado','Acker',1956,'80243'),(896,'Mycah Iwanowicz',36,'Female','+1 609 740 4615','United States','New Jersey','Bluestem',7,'8608'),(897,'Andrea Fihelly',113,'Polygender','+1 970 111 1467','United States','Colorado','Fair Oaks',57,'81505'),(898,'Piper Rowsell',81,'Female','+1 256 464 0998','United States','Alabama','Buena Vista',500,'35895'),(899,'Dayle Effaunt',105,'Male','+1 225 715 1593','United States','Louisiana','Dahle',4,'70836'),(900,'Basia Synnott',29,'Male','+1 202 953 6606','United States','District of Columbia','Merry',393,'20220'),(901,'Wright Sherston',109,'Female','+1 913 231 5491','United States','Kansas','Lighthouse Bay',7400,'66215'),(902,'Gerty Wolfenden',37,'Female','+1 239 445 4844','United States','Florida','Pond',1,'33963'),(903,'Wynn Rounding',113,'Male','+1 361 446 0288','United States','Texas','Monterey',0,'78415'),(904,'Spencer Duce',40,'Male','+1 414 803 3368','United States','Wisconsin','Fulton',48,'53225'),(905,'Mellisa Tuplin',111,'Male','+1 571 560 2517','United States','Virginia','Straubel',1,'22313'),(906,'Rufus Allcoat',111,'Male','+1 952 747 3122','United States','Minnesota','Hoard',7,'55564'),(907,'Wilbur Loggie',26,'Male','+1 971 302 0510','United States','Oregon','Armistice',2602,'97255'),(908,'Bondie Wheater',38,'Female','+1 815 266 0618','United States','Illinois','Union',619,'61110'),(909,'Niel Scintsbury',58,'Polygender','+1 360 281 0891','United States','Washington','Mcguire',5821,'98687'),(910,'Katrina Eby',106,'Male','+1 703 207 6569','United States','Virginia','Loftsgordon',3,'22301'),(911,'Joete Cargen',31,'Female','+1 806 421 9985','United States','Texas','Cody',15,'79188'),(912,'Phedra Bushby',23,'Female','+1 202 463 0014','United States','District of Columbia','Macpherson',8,'20508'),(913,'Antonio Coales',99,'Male','+1 205 782 9938','United States','Alabama','Vera',761,'35242'),(914,'Penelope Larkby',53,'Male','+1 651 255 2499','United States','Minnesota','Hayes',8514,'55146'),(915,'Jessee Bonifant',76,'Female','+1 602 353 1999','United States','Arizona','Springs',34,'85010'),(916,'Nichole Eadmead',28,'Genderqueer','+1 805 727 0185','United States','California','Crowley',5341,'93407'),(917,'Jarrett Kirdsch',35,'Male','+1 512 318 0398','United States','Texas','Morrow',70,'78715'),(918,'Phil Tuvey',115,'Non-binary','+1 501 209 8289','United States','Arkansas','Schlimgen',13422,'72118'),(919,'Klarrisa Jira',90,'Female','+1 214 309 6531','United States','Texas','Emmet',9273,'75062'),(920,'Julina Lesmonde',83,'Female','+1 313 901 5061','United States','Michigan','Troy',4,'48275'),(921,'Maddalena Loos',71,'Male','+1 916 767 8704','United States','California','Moose',99,'94207'),(922,'Kerry Creaney',75,'Female','+1 919 228 0439','United States','North Carolina','Linden',21528,'27626'),(923,'Colet Gorling',76,'Male','+1 713 679 9426','United States','Texas','Huxley',700,'77212'),(924,'Avery Hardware',40,'Male','+1 704 567 1677','United States','North Carolina','Melvin',9,'28205'),(925,'Gradey Martinek',44,'Polygender','+1 303 967 4726','United States','Colorado','Crowley',1143,'80328'),(926,'Hildagarde Justice',27,'Female','+1 317 299 7833','United States','Indiana','Shopko',6508,'46266'),(927,'Hersch Panniers',96,'Female','+1 701 355 8076','United States','North Dakota','Tennessee',8,'58122'),(928,'Shaughn Haet',120,'Male','+1 414 675 8343','United States','Wisconsin','Pond',58931,'53285'),(929,'Ellen Zamudio',58,'Female','+1 646 804 8480','United States','New York','Dixon',2,'10099'),(930,'Ericka Millions',108,'Genderfluid','+1 305 995 1718','United States','Florida','Artisan',8426,'33185'),(931,'Celka Pease',69,'Female','+1 605 156 6323','United States','South Dakota','Doe Crossing',840,'57193'),(932,'Armin Radin',50,'Male','+1 202 579 3577','United States','District of Columbia','Barby',14,'20599'),(933,'Elladine Scorey',25,'Male','+1 415 378 1623','United States','California','Sullivan',6288,'94147'),(934,'Reggie Radnedge',39,'Female','+1 910 827 2943','United States','North Carolina','Utah',30,'28305'),(935,'Hasheem Winkle',18,'Female','+1 330 550 1069','United States','Ohio','Moose',6,'44705'),(936,'Ruthanne Godball',82,'Female','+1 860 696 6561','United States','Connecticut','Westerfield',92720,'6105'),(937,'Daryl Avery',30,'Female','+1 281 106 7036','United States','Texas','Chive',67,'77005'),(938,'Jacquie Bradford',39,'Male','+1 937 523 2037','United States','Ohio','Clyde Gallagher',3620,'45419'),(939,'Alix Gricks',79,'Female','+1 318 174 8376','United States','Louisiana','Grasskamp',991,'71166'),(940,'Edvard Clines',36,'Female','+1 702 171 4329','United States','Nevada','Hallows',187,'89193'),(941,'Tresa Pouton',41,'Polygender','+1 605 530 7830','United States','South Dakota','West',21108,'57110'),(942,'Onfre Cabedo',31,'Female','+1 202 322 5308','United States','District of Columbia','Knutson',1401,'20508'),(943,'Leelah Noden',71,'Female','+1 253 953 9040','United States','Washington','Ramsey',0,'98405'),(944,'Tobe Worviell',61,'Non-binary','+1 517 647 9651','United States','Michigan','Lerdahl',978,'48912'),(945,'Adlai Spoure',81,'Female','+1 916 228 4495','United States','California','Sunnyside',9383,'95833'),(946,'Irv McBeth',78,'Female','+1 941 994 1521','United States','Florida','Kenwood',9229,'34205'),(947,'Kamillah Stritton',21,'Female','+1 585 915 2332','United States','New York','Fairfield',98,'14609'),(948,'Katlin Verduin',48,'Male','+1 434 387 9562','United States','Virginia','Manufacturers',7948,'22111'),(949,'Marcos Piotrkowski',49,'Female','+1 682 165 2375','United States','Texas','Doe Crossing',55,'76162'),(950,'Darcee Kupec',87,'Female','+1 313 446 8367','United States','Michigan','Portage',500,'48224');
/*!40000 ALTER TABLE `customers` ENABLE KEYS */;
UNLOCK TABLES;
/*!50003 SET @saved_cs_client      = @@character_set_client */ ;
/*!50003 SET @saved_cs_results     = @@character_set_results */ ;
/*!50003 SET @saved_col_connection = @@collation_connection */ ;
/*!50003 SET character_set_client  = utf8mb4 */ ;
/*!50003 SET character_set_results = utf8mb4 */ ;
/*!50003 SET collation_connection  = utf8mb4_0900_ai_ci */ ;
/*!50003 SET @saved_sql_mode       = @@sql_mode */ ;
/*!50003 SET sql_mode              = 'STRICT_TRANS_TABLES,NO_ENGINE_SUBSTITUTION' */ ;
DELIMITER ;;
/*!50003 CREATE*/ /*!50017 DEFINER=`root`@`localhost`*/ /*!50003 TRIGGER `insertion` BEFORE INSERT ON `customers` FOR EACH ROW BEGIN
	   IF NEW.age IS NULL THEN
		   SET NEW.age = 18;
	   END IF;
   END */;;
DELIMITER ;
/*!50003 SET sql_mode              = @saved_sql_mode */ ;
/*!50003 SET character_set_client  = @saved_cs_client */ ;
/*!50003 SET character_set_results = @saved_cs_results */ ;
/*!50003 SET collation_connection  = @saved_col_connection */ ;

--
-- Temporary view structure for view `customers_info`
--

DROP TABLE IF EXISTS `customers_info`;
/*!50001 DROP VIEW IF EXISTS `customers_info`*/;
SET @saved_cs_client     = @@character_set_client;
/*!50503 SET character_set_client = utf8mb4 */;
/*!50001 CREATE VIEW `customers_info` AS SELECT 
 1 AS `customer_name`,
 1 AS `gender`,
 1 AS `phone_no`,
 1 AS `country`,
 1 AS `state`,
 1 AS `street_name`,
 1 AS `street_no`,
 1 AS `pincode`*/;
SET character_set_client = @saved_cs_client;

--
-- Table structure for table `feedback`
--

DROP TABLE IF EXISTS `feedback`;
/*!40101 SET @saved_cs_client     = @@character_set_client */;
/*!50503 SET character_set_client = utf8mb4 */;
CREATE TABLE `feedback` (
  `customer_id` int NOT NULL,
  `rating` int DEFAULT NULL,
  PRIMARY KEY (`customer_id`),
  CONSTRAINT `feedback_ibfk_1` FOREIGN KEY (`customer_id`) REFERENCES `customers` (`customer_id`) ON DELETE CASCADE,
  CONSTRAINT `feedback_chk_1` CHECK ((`rating` between 1 and 5))
) ENGINE=InnoDB DEFAULT CHARSET=utf8mb4 COLLATE=utf8mb4_0900_ai_ci;
/*!40101 SET character_set_client = @saved_cs_client */;

--
-- Dumping data for table `feedback`
--

LOCK TABLES `feedback` WRITE;
/*!40000 ALTER TABLE `feedback` DISABLE KEYS */;
INSERT INTO `feedback` VALUES (1,5),(3,5),(23,4),(44,3),(46,2),(50,3),(66,4),(67,2),(69,3),(77,4),(89,3),(90,3),(96,4),(105,5),(123,3),(137,4),(153,5),(199,5),(200,5),(212,5),(234,3),(299,2),(333,5),(383,4),(399,3),(403,3),(420,4),(504,4),(543,5),(555,4),(619,4),(654,2),(666,3),(700,4),(771,3),(780,4),(786,5),(810,4),(850,4),(900,3),(903,5);
/*!40000 ALTER TABLE `feedback` ENABLE KEYS */;
UNLOCK TABLES;
/*!50003 SET @saved_cs_client      = @@character_set_client */ ;
/*!50003 SET @saved_cs_results     = @@character_set_results */ ;
/*!50003 SET @saved_col_connection = @@collation_connection */ ;
/*!50003 SET character_set_client  = utf8mb4 */ ;
/*!50003 SET character_set_results = utf8mb4 */ ;
/*!50003 SET collation_connection  = utf8mb4_0900_ai_ci */ ;
/*!50003 SET @saved_sql_mode       = @@sql_mode */ ;
/*!50003 SET sql_mode              = 'STRICT_TRANS_TABLES,NO_ENGINE_SUBSTITUTION' */ ;
DELIMITER ;;
/*!50003 CREATE*/ /*!50017 DEFINER=`root`@`localhost`*/ /*!50003 TRIGGER `low_rating` AFTER INSERT ON `feedback` FOR EACH ROW BEGIN
   DECLARE new_rating int;
   DECLARE Cid int;
   SET new_rating = NEW.rating;
   SET Cid = NEW.customer_id;
   
		IF new_rating < (SELECT AVG(rating) FROM feedback) THEN
			INSERT INTO support (customer_id, issue, issue_date) values (Cid, 'Not Happy with Buynget Services', current_date());
		END IF;
   END */;;
DELIMITER ;
/*!50003 SET sql_mode              = @saved_sql_mode */ ;
/*!50003 SET character_set_client  = @saved_cs_client */ ;
/*!50003 SET character_set_results = @saved_cs_results */ ;
/*!50003 SET collation_connection  = @saved_col_connection */ ;

--
-- Table structure for table `items`
--

DROP TABLE IF EXISTS `items`;
/*!40101 SET @saved_cs_client     = @@character_set_client */;
/*!50503 SET character_set_client = utf8mb4 */;
CREATE TABLE `items` (
  `item_id` int NOT NULL AUTO_INCREMENT,
  `item_name` varchar(50) NOT NULL,
  `item_type` varchar(20) NOT NULL,
  `quantity` int DEFAULT NULL,
  `cost_price` float NOT NULL,
  `selling_price` float NOT NULL,
  PRIMARY KEY (`item_id`),
  CONSTRAINT `items_chk_1` CHECK ((`quantity` > 0)),
  CONSTRAINT `items_chk_2` CHECK ((`cost_price` > 0)),
  CONSTRAINT `items_chk_3` CHECK ((`selling_price` > 0))
) ENGINE=InnoDB AUTO_INCREMENT=105 DEFAULT CHARSET=utf8mb4 COLLATE=utf8mb4_0900_ai_ci;
/*!40101 SET character_set_client = @saved_cs_client */;

--
-- Dumping data for table `items`
--

LOCK TABLES `items` WRITE;
/*!40000 ALTER TABLE `items` DISABLE KEYS */;
INSERT INTO `items` VALUES (1,'apple','Grocery',500,0.37,0.4),(2,'banana','Grocery',165,0.053,0.066),(3,'pear','Grocery',254,0.28,0.33),(4,'figs','Grocery',120,0.092,0.13),(5,'onion','Grocery',86,0.079,0.092),(6,'strawberry','Grocery',370,0.066,0.092),(7,'pineapple','Grocery',399,0.59,0.66),(8,'watermelon','Grocery',115,0.92,0.99),(9,'pomegranate','Grocery',229,0.53,0.61),(10,'muskmelon','Grocery',655,0.78,0.79),(11,'guava','Grocery',314,0.11,0.13),(12,'orange','Grocery',470,0.26,0.29),(13,'potato','Grocery',934,0.04,0.053),(14,'cauliflower','Grocery',427,0.62,0.66),(15,'corn','Grocery',599,0.2,0.21),(16,'pumpkin','Grocery',429,1.02,1.06),(17,'papaya','Grocery',173,0.58,0.59),(18,'cabbage','Grocery',350,0.91,0.92),(19,'coconut','Grocery',584,0.16,0.2),(20,'broccoli','Grocery',150,0.4,0.46),(21,'tomato','Grocery',785,0.026,0.066),(22,'ginger','Grocery',100,0.092,0.13),(23,'lemon','Grocery',85,0.066,0.092),(24,'kiwi','Grocery',170,0.34,0.4),(25,'coriander','Grocery',511,0.053,0.066),(26,'spinach','Grocery',420,0.04,0.092),(27,'lettuce','Grocery',313,0.28,0.33),(28,'mint','Grocery',260,0.066,0.079),(29,'cucumber','Grocery',310,0.053,0.066),(30,'garlic','Grocery',800,0.26,0.36),(31,'brinjal','Grocery',587,0.13,0.15),(32,'grapes','Grocery',770,0.48,0.49),(33,'chikoo','Grocery',487,0.026,0.066),(34,'fenugreek','Grocery',360,0.11,0.16),(35,'avocado','Grocery',113,1.58,1.72),(36,'olive oil','Grocery',20,5,9),(37,'canned milk','Grocery',16,0.94,1.38),(38,'brown sugar','Grocery',29,2,4.7),(39,'sugar','Grocery',39,1.54,4),(40,'instant noodles','Grocery',57,2,4),(41,'cherries','Grocery',78,2.54,3.66),(42,'mobile','Electronics',700,120,200),(43,'air conditioner','Electronics',127,450,550),(44,'television','Electronics',100,280,390),(45,'beard trimmer','Electronics',177,50,69),(46,'Body trimmer','Electronics',200,12,19),(47,'LED bulb','Electronics',180,3,5),(48,'extension cord','Electronics',70,4,6),(49,'earphones','Electronics',479,7,9),(50,'power bank','Electronics',300,18,24),(51,'wifi router','Electronics',78,38,60),(52,'wrist watch','Electronics',700,70,99),(53,'wall clock','Electronics',181,45,70),(54,'fitbit','Electronics',1000,55,70),(55,'headphones','Electronics',380,180,279),(56,'apple air pods','Electronics',300,100,200),(57,'laptop','Electronics',230,350,460),(58,'gaming mouse','Electronics',500,27,42),(59,'keyboard','Electronics',379,15,28),(60,'table lamp','Electronics',100,9,15),(61,'flashlight','Electronics',205,9,17),(62,'electrical toothbrush','Electronics',100,22,39),(63,'washing Machine','Electronics',141,230,312),(64,'refrigerator','Electronics',125,180,240),(65,'air purifier','Electronics',74,100,150),(66,'toaster','Electronics',75,25,40),(67,'hair straightener','Electronics',83,25,40),(68,'blender','Electronics',134,40,65),(69,'inverter battery','Electronics',87,90,140),(70,'projector','Electronics',50,1500,2000),(71,'microwave','Electronics',89,50,70),(72,'iron','Electronics',40,20,30),(73,'heater','Electronics',37,29,32),(74,'microphone','Electronics',33,10,15),(75,'tooth-paste','Daily care',986,7,9),(76,'tooth-brush','Daily care',1500,9,15),(77,'diapers','Daily care',690,50,60),(78,'facewash','Daily care',300,11,15),(79,'perfume','Daily care',154,40,45),(80,'soap','Daily care',900,1,2),(81,'hairspray','Daily care',106,16,20),(82,'hair shampoo','Daily care',210,6,9),(83,'dental floss','Daily care',101,7,10),(84,'face mask','Daily care',3000,4,6),(85,'sanitizer','Daily care',984,8,14),(86,'liquid handwash','Daily care',234,3,5),(87,'lotion','Daily care',182,6,8),(88,'nail clippers','Daily Care',78,5,7),(89,'moisturizer','Daily Care',181,20,27),(90,'foundation','Daily Care',60,15,20),(91,'mosquito repellent','Daily Care',81,3,4),(92,'body wash','Daily Care',122,8,10),(93,'disinfectant liquid','Daily Care',37,10,15),(94,'disinfectant spray','Daily Care',77,11,14),(95,'lipstick','Daily Care',83,5,7),(96,'eyeliner','Daily Care',88,6,7),(97,'mascara','Daily Care',35,9,12),(98,'nail polish remover','Daily Care',90,16,24),(99,'nail polish','Daily Care',163,20,30),(100,'eye lubricant','Daily Care',50,7,10),(101,'sunscreen lotion','Daily Care',57,4,5),(102,'hair serum','Daily Care',99,22,35),(103,'hair oil','Daily Care',90,7,8),(104,'tooth picks','Daily Care',150,2,3);
/*!40000 ALTER TABLE `items` ENABLE KEYS */;
UNLOCK TABLES;

--
-- Temporary view structure for view `items_info`
--

DROP TABLE IF EXISTS `items_info`;
/*!50001 DROP VIEW IF EXISTS `items_info`*/;
SET @saved_cs_client     = @@character_set_client;
/*!50503 SET character_set_client = utf8mb4 */;
/*!50001 CREATE VIEW `items_info` AS SELECT 
 1 AS `item_id`,
 1 AS `item_name`,
 1 AS `item_type`,
 1 AS `quantity`,
 1 AS `selling_price`*/;
SET character_set_client = @saved_cs_client;

--
-- Table structure for table `ordered_items`
--

DROP TABLE IF EXISTS `ordered_items`;
/*!40101 SET @saved_cs_client     = @@character_set_client */;
/*!50503 SET character_set_client = utf8mb4 */;
CREATE TABLE `ordered_items` (
  `order_id` int NOT NULL,
  `item_id` int NOT NULL,
  `quantity` int DEFAULT NULL,
  KEY `order_id` (`order_id`),
  KEY `item_id` (`item_id`),
  CONSTRAINT `ordered_items_ibfk_1` FOREIGN KEY (`order_id`) REFERENCES `orders` (`order_id`) ON DELETE CASCADE,
  CONSTRAINT `ordered_items_ibfk_2` FOREIGN KEY (`item_id`) REFERENCES `items` (`item_id`) ON DELETE CASCADE,
  CONSTRAINT `ordered_items_chk_1` CHECK ((`quantity` > 0))
) ENGINE=InnoDB DEFAULT CHARSET=utf8mb4 COLLATE=utf8mb4_0900_ai_ci;
/*!40101 SET character_set_client = @saved_cs_client */;

--
-- Dumping data for table `ordered_items`
--

LOCK TABLES `ordered_items` WRITE;
/*!40000 ALTER TABLE `ordered_items` DISABLE KEYS */;
INSERT INTO `ordered_items` VALUES (1,3,6),(1,5,11),(2,5,3),(2,7,8),(3,7,3),(3,9,8),(4,9,8),(4,11,13),(5,11,7),(5,13,12),(6,13,4),(6,15,9),(7,15,4),(7,17,9),(8,17,7),(8,19,12),(9,19,4),(9,21,9),(10,21,6),(10,23,11),(11,23,4),(11,25,9),(12,25,10),(12,27,15),(13,27,2),(13,29,7),(14,29,3),(14,31,8),(15,31,5),(15,33,10),(16,33,3),(16,35,8),(17,35,9),(17,37,14),(18,37,2),(18,39,7),(19,39,9),(19,41,14),(20,41,8),(20,43,13),(21,43,10),(21,45,15),(22,45,8),(22,47,13),(23,47,7),(23,49,12),(24,49,9),(24,51,14),(25,51,8),(25,53,13),(26,53,6),(26,55,11),(27,55,9),(27,57,14),(28,57,6),(28,59,11),(29,59,10),(29,61,15),(30,61,10),(30,63,15),(31,63,2),(31,65,7),(32,65,7),(32,67,12),(33,67,5),(33,69,10),(34,69,3),(34,71,8),(35,71,3),(35,73,8),(36,73,7),(36,75,12),(37,75,2),(37,77,7),(38,77,3),(38,79,8),(39,79,7),(39,81,12),(40,81,2),(40,83,7),(41,83,5),(41,85,10),(42,85,6),(42,87,11),(43,87,6),(43,89,11),(44,89,8),(44,91,13),(45,91,6),(45,93,11),(46,93,2),(46,95,7),(47,95,10),(47,97,15),(48,97,4),(48,99,9),(49,99,7),(49,101,12);
/*!40000 ALTER TABLE `ordered_items` ENABLE KEYS */;
UNLOCK TABLES;
/*!50003 SET @saved_cs_client      = @@character_set_client */ ;
/*!50003 SET @saved_cs_results     = @@character_set_results */ ;
/*!50003 SET @saved_col_connection = @@collation_connection */ ;
/*!50003 SET character_set_client  = utf8mb4 */ ;
/*!50003 SET character_set_results = utf8mb4 */ ;
/*!50003 SET collation_connection  = utf8mb4_0900_ai_ci */ ;
/*!50003 SET @saved_sql_mode       = @@sql_mode */ ;
/*!50003 SET sql_mode              = 'STRICT_TRANS_TABLES,NO_ENGINE_SUBSTITUTION' */ ;
DELIMITER ;;
/*!50003 CREATE*/ /*!50017 DEFINER=`root`@`localhost`*/ /*!50003 TRIGGER `stock_updation` AFTER INSERT ON `ordered_items` FOR EACH ROW BEGIN
   DECLARE id int;
   DECLARE q int;
   SET id = NEW.item_id;	
   SET q = NEW.quantity;
   
   UPDATE items SET items.quantity = items.quantity - q where item_id = id;
   
   END */;;
DELIMITER ;
/*!50003 SET sql_mode              = @saved_sql_mode */ ;
/*!50003 SET character_set_client  = @saved_cs_client */ ;
/*!50003 SET character_set_results = @saved_cs_results */ ;
/*!50003 SET collation_connection  = @saved_col_connection */ ;

--
-- Table structure for table `orders`
--

DROP TABLE IF EXISTS `orders`;
/*!40101 SET @saved_cs_client     = @@character_set_client */;
/*!50503 SET character_set_client = utf8mb4 */;
CREATE TABLE `orders` (
  `order_id` int NOT NULL AUTO_INCREMENT,
  `customer_id` int NOT NULL,
  `order_date` date NOT NULL,
  `delivery_date` date NOT NULL,
  PRIMARY KEY (`order_id`),
  KEY `customer_id` (`customer_id`),
  CONSTRAINT `orders_ibfk_1` FOREIGN KEY (`customer_id`) REFERENCES `buyers` (`customer_id`) ON DELETE CASCADE
) ENGINE=InnoDB AUTO_INCREMENT=50 DEFAULT CHARSET=utf8mb4 COLLATE=utf8mb4_0900_ai_ci;
/*!40101 SET character_set_client = @saved_cs_client */;

--
-- Dumping data for table `orders`
--

LOCK TABLES `orders` WRITE;
/*!40000 ALTER TABLE `orders` DISABLE KEYS */;
INSERT INTO `orders` VALUES (1,23,'2022-05-01','2022-05-01'),(2,26,'2022-05-01','2022-05-01'),(3,29,'2022-05-01','2022-05-01'),(4,32,'2022-05-01','2022-05-01'),(5,35,'2022-05-01','2022-05-01'),(6,38,'2022-05-01','2022-05-01'),(7,41,'2022-05-01','2022-05-01'),(8,44,'2022-05-01','2022-05-01'),(9,47,'2022-05-01','2022-05-01'),(10,50,'2022-05-01','2022-05-01'),(11,53,'2022-05-01','2022-05-01'),(12,56,'2022-05-01','2022-05-01'),(13,59,'2022-05-01','2022-05-01'),(14,62,'2022-05-01','2022-05-01'),(15,65,'2022-05-01','2022-05-01'),(16,68,'2022-05-01','2022-05-01'),(17,71,'2022-05-01','2022-05-01'),(18,74,'2022-05-01','2022-05-01'),(19,77,'2022-05-01','2022-05-01'),(20,80,'2022-05-01','2022-05-01'),(21,83,'2022-05-01','2022-05-01'),(22,86,'2022-05-01','2022-05-01'),(23,89,'2022-05-01','2022-05-01'),(24,92,'2022-05-01','2022-05-01'),(25,95,'2022-05-01','2022-05-01'),(26,98,'2022-05-01','2022-05-01'),(27,101,'2022-05-01','2022-05-01'),(28,104,'2022-05-01','2022-05-01'),(29,107,'2022-05-01','2022-05-01'),(30,110,'2022-05-01','2022-05-01'),(31,113,'2022-05-01','2022-05-01'),(32,116,'2022-05-01','2022-05-01'),(33,119,'2022-05-01','2022-05-01'),(34,122,'2022-05-01','2022-05-01'),(35,125,'2022-05-01','2022-05-01'),(36,128,'2022-05-01','2022-05-01'),(37,131,'2022-05-01','2022-05-01'),(38,134,'2022-05-01','2022-05-01'),(39,137,'2022-05-01','2022-05-01'),(40,140,'2022-05-01','2022-05-01'),(41,143,'2022-05-01','2022-05-01'),(42,146,'2022-05-01','2022-05-01'),(43,149,'2022-05-01','2022-05-01'),(44,152,'2022-05-01','2022-05-01'),(45,155,'2022-05-01','2022-05-01'),(46,158,'2022-05-01','2022-05-01'),(47,161,'2022-05-01','2022-05-01'),(48,164,'2022-05-01','2022-05-01'),(49,167,'2022-05-01','2022-05-01');
/*!40000 ALTER TABLE `orders` ENABLE KEYS */;
UNLOCK TABLES;

--
-- Table structure for table `owners`
--

DROP TABLE IF EXISTS `owners`;
/*!40101 SET @saved_cs_client     = @@character_set_client */;
/*!50503 SET character_set_client = utf8mb4 */;
CREATE TABLE `owners` (
  `owner_id` int NOT NULL,
  `owner_name` varchar(50) NOT NULL,
  `email` varchar(50) NOT NULL,
  `password` varchar(50) NOT NULL,
  `phone_no` varchar(20) NOT NULL,
  PRIMARY KEY (`owner_id`),
  UNIQUE KEY `email` (`email`),
  UNIQUE KEY `phone_no` (`phone_no`),
  CONSTRAINT `owners_chk_1` CHECK ((locate(_utf8mb4'@',`email`) <> 0)),
  CONSTRAINT `owners_chk_2` CHECK ((length(`password`) >= 12))
) ENGINE=InnoDB DEFAULT CHARSET=utf8mb4 COLLATE=utf8mb4_0900_ai_ci;
/*!40101 SET character_set_client = @saved_cs_client */;

--
-- Dumping data for table `owners`
--

LOCK TABLES `owners` WRITE;
/*!40000 ALTER TABLE `owners` DISABLE KEYS */;
INSERT INTO `owners` VALUES (1,'Prerak Semwal','prerak20105@iiitd.ac.in','@edve$%#Dgsgsd','9234567899'),(2,'Vineet Kaul','vineet20153@iiitd.ac.in','sdfs$#etjdg1R','9876543222'),(3,'Janhavi Bayanwar','bayanwar20043@iiitd.ac.in','^yrHa!643DFGsdf','9231231235'),(4,'Abhinav Kumar Sinha','abhinav20012@iiitd.ac.in','werwr$%#@46422','9545767691');
/*!40000 ALTER TABLE `owners` ENABLE KEYS */;
UNLOCK TABLES;

--
-- Temporary view structure for view `owners_info`
--

DROP TABLE IF EXISTS `owners_info`;
/*!50001 DROP VIEW IF EXISTS `owners_info`*/;
SET @saved_cs_client     = @@character_set_client;
/*!50503 SET character_set_client = utf8mb4 */;
/*!50001 CREATE VIEW `owners_info` AS SELECT 
 1 AS `Name`,
 1 AS `email`*/;
SET character_set_client = @saved_cs_client;

--
-- Table structure for table `payments`
--

DROP TABLE IF EXISTS `payments`;
/*!40101 SET @saved_cs_client     = @@character_set_client */;
/*!50503 SET character_set_client = utf8mb4 */;
CREATE TABLE `payments` (
  `payment_id` int NOT NULL AUTO_INCREMENT,
  `customer_id` int NOT NULL,
  `mode` varchar(20) NOT NULL,
  `amount` int NOT NULL,
  PRIMARY KEY (`payment_id`),
  KEY `customer_id` (`customer_id`),
  CONSTRAINT `payments_ibfk_1` FOREIGN KEY (`customer_id`) REFERENCES `sellers` (`customer_id`) ON DELETE CASCADE
) ENGINE=InnoDB AUTO_INCREMENT=41 DEFAULT CHARSET=utf8mb4 COLLATE=utf8mb4_0900_ai_ci;
/*!40101 SET character_set_client = @saved_cs_client */;

--
-- Dumping data for table `payments`
--

LOCK TABLES `payments` WRITE;
/*!40000 ALTER TABLE `payments` DISABLE KEYS */;
INSERT INTO `payments` VALUES (1,2,'NetBanking',100),(2,2,'NetBanking',37),(3,7,'NetBanking',24),(4,18,'NetBanking',34),(5,19,'NetBanking',26),(6,3,'NetBanking',55),(7,6,'NetBanking',40),(8,17,'NetBanking',55),(9,7,'NetBanking',200),(10,4,'NetBanking',100),(11,3,'UPI',70),(12,5,'UPI',140),(13,2,'UPI',500),(14,13,'UPI',500),(15,15,'UPI',200),(16,20,'UPI',50),(17,11,'UPI',237),(18,17,'UPI',315),(19,11,'UPI',300),(20,11,'UPI',140),(21,12,'UPI',315),(22,6,'Credit-Card',212),(23,17,'Credit-Card',165),(24,9,'Credit-Card',60),(25,9,'Credit-Card',30),(26,10,'Credit-Card',1200),(27,10,'Credit-Card',9000),(28,9,'Credit-Card',900),(29,4,'Credit-Card',900),(30,1,'Credit-Card',1800),(31,8,'Debit-Card',300),(32,17,'Debit-Card',400),(33,8,'Debit-Card',90),(34,19,'Debit-Card',700),(35,4,'Debit-Card',63),(36,4,'Debit-Card',900),(37,5,'Debit-Card',70),(38,15,'Debit-Card',1000),(39,5,'Debit-Card',500),(40,16,'Debit-Card',400);
/*!40000 ALTER TABLE `payments` ENABLE KEYS */;
UNLOCK TABLES;

--
-- Table structure for table `sellers`
--

DROP TABLE IF EXISTS `sellers`;
/*!40101 SET @saved_cs_client     = @@character_set_client */;
/*!50503 SET character_set_client = utf8mb4 */;
CREATE TABLE `sellers` (
  `customer_id` int NOT NULL,
  PRIMARY KEY (`customer_id`),
  CONSTRAINT `sellers_ibfk_1` FOREIGN KEY (`customer_id`) REFERENCES `customers` (`customer_id`) ON DELETE CASCADE
) ENGINE=InnoDB DEFAULT CHARSET=utf8mb4 COLLATE=utf8mb4_0900_ai_ci;
/*!40101 SET character_set_client = @saved_cs_client */;

--
-- Dumping data for table `sellers`
--

LOCK TABLES `sellers` WRITE;
/*!40000 ALTER TABLE `sellers` DISABLE KEYS */;
INSERT INTO `sellers` VALUES (1),(2),(3),(4),(5),(6),(7),(8),(9),(10),(11),(12),(13),(14),(15),(16),(17),(18),(19),(20);
/*!40000 ALTER TABLE `sellers` ENABLE KEYS */;
UNLOCK TABLES;

--
-- Table structure for table `sells`
--

DROP TABLE IF EXISTS `sells`;
/*!40101 SET @saved_cs_client     = @@character_set_client */;
/*!50503 SET character_set_client = utf8mb4 */;
CREATE TABLE `sells` (
  `customer_id` int NOT NULL,
  `item_id` int NOT NULL,
  KEY `customer_id` (`customer_id`),
  KEY `item_id` (`item_id`),
  CONSTRAINT `sells_ibfk_1` FOREIGN KEY (`customer_id`) REFERENCES `sellers` (`customer_id`) ON DELETE CASCADE,
  CONSTRAINT `sells_ibfk_2` FOREIGN KEY (`item_id`) REFERENCES `items` (`item_id`) ON DELETE CASCADE
) ENGINE=InnoDB DEFAULT CHARSET=utf8mb4 COLLATE=utf8mb4_0900_ai_ci;
/*!40101 SET character_set_client = @saved_cs_client */;

--
-- Dumping data for table `sells`
--

LOCK TABLES `sells` WRITE;
/*!40000 ALTER TABLE `sells` DISABLE KEYS */;
INSERT INTO `sells` VALUES (1,65),(1,67),(2,84),(2,86),(3,27),(3,29),(4,42),(4,44),(5,49),(5,51),(6,54),(6,56),(7,99),(7,101),(8,39),(8,41),(9,67),(9,69),(10,102),(10,104),(11,93),(11,95),(12,29),(12,31),(13,77),(13,79),(14,4),(14,6),(15,104),(15,2),(16,30),(16,32),(17,77),(17,79),(18,87),(18,89),(19,41),(19,43),(20,69),(20,71);
/*!40000 ALTER TABLE `sells` ENABLE KEYS */;
UNLOCK TABLES;

--
-- Table structure for table `stores`
--

DROP TABLE IF EXISTS `stores`;
/*!40101 SET @saved_cs_client     = @@character_set_client */;
/*!50503 SET character_set_client = utf8mb4 */;
CREATE TABLE `stores` (
  `cart_id` int NOT NULL,
  `item_id` int NOT NULL,
  `quantity` int NOT NULL,
  KEY `cart_id` (`cart_id`),
  CONSTRAINT `stores_ibfk_1` FOREIGN KEY (`cart_id`) REFERENCES `carts` (`cart_id`) ON DELETE CASCADE
) ENGINE=InnoDB DEFAULT CHARSET=utf8mb4 COLLATE=utf8mb4_0900_ai_ci;
/*!40101 SET character_set_client = @saved_cs_client */;

--
-- Dumping data for table `stores`
--

LOCK TABLES `stores` WRITE;
/*!40000 ALTER TABLE `stores` DISABLE KEYS */;
INSERT INTO `stores` VALUES (1,88,200),(4,56,40),(7,74,190),(10,79,70),(13,37,150),(16,31,30),(19,13,10),(22,61,110),(25,43,20),(28,86,150),(31,88,170),(34,104,190),(37,38,200),(40,98,200),(43,29,150),(46,33,110),(49,70,10),(52,83,20),(55,14,50),(58,22,90),(61,100,50),(64,94,200),(67,47,150),(70,1,170),(73,81,20),(76,91,100),(79,71,160),(82,77,150),(85,42,20),(88,68,180),(91,77,20),(94,40,110),(97,103,50),(100,81,170),(103,23,50),(106,25,180),(109,35,60),(112,57,30),(115,23,40),(118,71,20),(121,7,140),(124,39,110),(127,20,140),(130,31,50),(133,13,150),(136,69,30),(139,48,10),(142,45,190),(145,18,70),(148,62,10),(151,20,10),(154,11,190),(157,58,160),(160,1,150),(163,45,170),(166,63,190),(169,94,120),(172,21,100),(175,83,120),(178,75,60),(181,65,190),(184,56,150),(187,75,90),(190,83,170),(193,3,80),(196,80,160),(199,28,10),(202,78,60),(205,20,20),(208,13,80),(211,99,190),(214,14,130),(217,95,80),(220,45,20),(223,55,20),(226,91,40),(229,26,180),(232,81,130),(235,5,50),(238,53,10),(241,17,100),(244,27,60),(247,59,110),(250,24,90),(253,84,120),(256,43,120),(259,6,200),(262,100,80),(265,56,20),(268,89,90),(271,67,140),(274,8,90),(277,99,190),(280,96,160),(283,88,20),(286,9,10),(289,67,170),(292,83,110),(295,69,80),(298,51,130),(301,102,80),(304,28,50),(307,74,30),(310,19,50),(313,29,10),(316,96,50),(319,25,120),(322,15,180),(325,12,40),(328,11,50),(331,13,10),(334,84,130),(337,9,90),(340,65,90),(343,92,130),(346,52,50),(349,39,50),(352,35,200),(355,50,60),(358,58,80),(361,86,190),(364,103,40),(367,62,170),(370,27,120),(373,43,110),(376,71,170),(379,59,120),(382,47,110),(385,77,120),(388,94,170),(391,33,10),(394,52,100),(397,69,20),(400,12,10),(403,23,50),(406,48,30),(409,8,40),(412,57,40),(415,37,10),(418,71,190),(421,32,100),(424,76,60),(427,30,200),(430,91,110),(433,49,170),(436,68,160),(439,1,190),(442,18,40),(445,28,130),(448,27,30),(451,27,170),(454,84,150),(457,7,180),(460,46,110),(463,36,170),(466,27,100),(469,7,140),(472,21,150),(475,104,90),(478,86,140),(481,65,120),(484,36,100),(487,87,140),(490,36,150),(493,6,40),(496,28,130),(499,51,30),(502,96,100),(505,55,130),(508,80,90),(511,17,40),(514,101,180),(517,42,130),(520,62,60),(523,57,30),(526,63,50),(529,57,160),(532,14,80),(535,103,200),(538,29,110),(541,21,180),(544,10,20),(547,86,60),(550,11,60),(553,60,200),(556,32,140),(559,87,10),(562,68,150),(565,5,100),(568,68,170),(571,15,40),(574,69,90),(577,3,150),(580,56,120),(583,78,100),(586,11,40),(589,59,170),(592,48,160),(595,24,60),(598,94,50),(601,3,160),(604,63,120),(607,88,70),(610,4,140),(613,2,150),(616,18,20),(619,17,160),(622,21,30),(625,99,90),(628,54,10),(631,88,200),(634,99,110),(637,85,60),(640,103,130),(643,36,120),(646,102,140),(649,6,200),(652,24,30),(655,54,80),(658,28,40),(661,13,180),(664,30,20),(667,94,120),(670,51,110),(673,93,90),(676,100,160),(679,41,140),(682,87,190),(685,41,190),(688,2,110),(691,69,70),(694,88,150),(697,73,110),(700,58,170),(703,68,50),(706,13,200),(709,6,50),(712,45,70),(715,1,180),(718,85,130),(721,68,80),(724,8,190),(727,33,50),(730,15,80),(733,27,170),(736,83,160),(739,40,10),(742,96,40),(745,4,50),(748,65,130),(751,9,80),(754,17,20),(757,78,190),(760,7,170),(763,67,90),(766,67,10),(769,29,40),(772,14,20),(775,83,10),(778,58,190),(781,33,140),(784,76,60),(787,77,150),(790,21,120),(793,2,120),(796,103,60),(799,75,40),(802,67,150),(805,4,70),(808,67,200),(811,49,130),(814,94,100),(817,75,150),(820,50,90),(823,31,160),(826,56,200),(829,25,50),(832,102,170),(835,52,80),(838,77,50),(841,52,80),(844,94,50),(847,29,150),(850,88,130),(853,53,90),(856,43,70),(859,56,140),(862,47,200),(865,9,50),(868,5,110),(871,25,120),(874,84,80),(877,46,110),(880,19,20),(883,60,80),(886,76,170),(889,1,150),(892,82,60),(895,16,50),(898,18,110),(901,43,70),(904,6,40),(907,23,160),(910,30,100),(913,77,190),(916,80,40),(919,68,120),(922,71,130),(925,58,150),(928,29,140),(931,96,60),(934,89,40);
/*!40000 ALTER TABLE `stores` ENABLE KEYS */;
UNLOCK TABLES;

--
-- Table structure for table `support`
--

DROP TABLE IF EXISTS `support`;
/*!40101 SET @saved_cs_client     = @@character_set_client */;
/*!50503 SET character_set_client = utf8mb4 */;
CREATE TABLE `support` (
  `support_id` int NOT NULL AUTO_INCREMENT,
  `customer_id` int DEFAULT NULL,
  `issue` varchar(1000) DEFAULT NULL,
  `issue_date` date DEFAULT NULL,
  PRIMARY KEY (`support_id`),
  KEY `customer_id` (`customer_id`),
  CONSTRAINT `support_ibfk_1` FOREIGN KEY (`customer_id`) REFERENCES `customers` (`customer_id`) ON DELETE CASCADE
) ENGINE=InnoDB AUTO_INCREMENT=42 DEFAULT CHARSET=utf8mb4 COLLATE=utf8mb4_0900_ai_ci;
/*!40101 SET character_set_client = @saved_cs_client */;

--
-- Dumping data for table `support`
--

LOCK TABLES `support` WRITE;
/*!40000 ALTER TABLE `support` DISABLE KEYS */;
INSERT INTO `support` VALUES (1,269,'Ihe colour of phone does not match with the one I ordered','2021-10-10'),(2,450,'I am not able to add products to my cart','2022-11-12'),(3,73,'The iron I ordered is not heating up properly','2022-01-27'),(4,90,'The lid of the blender was broken','2022-02-19'),(5,90,'The lid of the blender was broken','2022-02-27'),(6,123,'Laptop is not turning on','2022-02-25'),(7,234,'Earphone not working','2022-02-23'),(8,345,'I am not able to place order','2022-02-23'),(9,456,'I have not recieved my order which was meant to be delivered yesterday','2022-02-27'),(10,678,'Wrong item was sent','2022-02-25'),(11,890,'Quality not adequate','2022-02-18'),(12,901,'The packaging of the product was already opened.','2022-02-15'),(13,433,'Unavailable or out of stock product','2022-02-10'),(14,167,'Money not refunded','2022-02-05'),(15,298,'The toothpaste was expired','2022-01-26'),(16,888,'Billing Issues','2022-01-23'),(17,40,'The fruits were not fresh','2022-01-20'),(18,567,'I am unable to avail the displayed offer','2022-01-19'),(19,786,'The lid of the blender was broken','2022-01-19'),(20,99,'I am unable to avail the displayed offer','2022-01-13'),(21,200,'Unavailable or out of stock product','2022-01-13'),(22,100,'I am unable to avail the displayed offer','2022-01-10'),(23,300,'unable to log in on the app','2022-01-10'),(24,444,'Prices Are Too High','2020-01-10'),(25,44,'Not Happy with Buynget Services','2022-05-01'),(26,66,'Not Happy with Buynget Services','2022-05-01'),(27,90,'Not Happy with Buynget Services','2022-05-01'),(28,46,'Not Happy with Buynget Services','2022-05-01'),(29,900,'Not Happy with Buynget Services','2022-05-01'),(30,69,'Not Happy with Buynget Services','2022-05-01'),(31,67,'Not Happy with Buynget Services','2022-05-01'),(32,123,'Not Happy with Buynget Services','2022-05-01'),(33,234,'Not Happy with Buynget Services','2022-05-01'),(34,771,'Not Happy with Buynget Services','2022-05-01'),(35,89,'Not Happy with Buynget Services','2022-05-01'),(36,50,'Not Happy with Buynget Services','2022-05-01'),(37,403,'Not Happy with Buynget Services','2022-05-01'),(38,654,'Not Happy with Buynget Services','2022-05-01'),(39,299,'Not Happy with Buynget Services','2022-05-01'),(40,399,'Not Happy with Buynget Services','2022-05-01'),(41,666,'Not Happy with Buynget Services','2022-05-01');
/*!40000 ALTER TABLE `support` ENABLE KEYS */;
UNLOCK TABLES;

--
-- Table structure for table `transactions`
--

DROP TABLE IF EXISTS `transactions`;
/*!40101 SET @saved_cs_client     = @@character_set_client */;
/*!50503 SET character_set_client = utf8mb4 */;
CREATE TABLE `transactions` (
  `order_id` int NOT NULL,
  `customer_id` int NOT NULL,
  `mode` varchar(20) NOT NULL,
  `amount` int NOT NULL,
  PRIMARY KEY (`order_id`),
  KEY `customer_id` (`customer_id`),
  CONSTRAINT `transactions_ibfk_1` FOREIGN KEY (`customer_id`) REFERENCES `buyers` (`customer_id`) ON DELETE CASCADE
) ENGINE=InnoDB DEFAULT CHARSET=utf8mb4 COLLATE=utf8mb4_0900_ai_ci;
/*!40101 SET character_set_client = @saved_cs_client */;

--
-- Dumping data for table `transactions`
--

LOCK TABLES `transactions` WRITE;
/*!40000 ALTER TABLE `transactions` DISABLE KEYS */;
INSERT INTO `transactions` VALUES (2,26,'Debit-Card',0),(4,32,'NetBanking',5),(6,38,'Debit-Card',0),(8,44,'UPI',4),(10,50,'NetBanking',0),(12,56,'UPI',1),(14,62,'Debit-Card',0),(16,68,'UPI',0),(18,74,'Credit-Card',3),(20,80,'Debit-Card',29),(22,86,'Credit-Card',552),(24,92,'Credit-Card',81),(26,98,'Credit-Card',420),(28,104,'Credit-Card',2760),(30,110,'Debit-Card',170),(32,116,'UPI',1050),(34,122,'NetBanking',420),(36,128,'NetBanking',224),(38,134,'UPI',180),(40,140,'Credit-Card',40),(42,146,'Credit-Card',84),(44,152,'NetBanking',216),(46,158,'Debit-Card',30),(48,164,'Debit-Card',48);
/*!40000 ALTER TABLE `transactions` ENABLE KEYS */;
UNLOCK TABLES;

--
-- Dumping events for database 'buynget'
--

--
-- Dumping routines for database 'buynget'
--

--
-- Final view structure for view `accounts_info`
--

/*!50001 DROP VIEW IF EXISTS `accounts_info`*/;
/*!50001 SET @saved_cs_client          = @@character_set_client */;
/*!50001 SET @saved_cs_results         = @@character_set_results */;
/*!50001 SET @saved_col_connection     = @@collation_connection */;
/*!50001 SET character_set_client      = utf8mb4 */;
/*!50001 SET character_set_results     = utf8mb4 */;
/*!50001 SET collation_connection      = utf8mb4_0900_ai_ci */;
/*!50001 CREATE ALGORITHM=UNDEFINED */
/*!50013 DEFINER=`root`@`localhost` SQL SECURITY DEFINER */
/*!50001 VIEW `accounts_info` AS select `accounts`.`username` AS `username`,`accounts`.`email` AS `email` from `accounts` */;
/*!50001 SET character_set_client      = @saved_cs_client */;
/*!50001 SET character_set_results     = @saved_cs_results */;
/*!50001 SET collation_connection      = @saved_col_connection */;

--
-- Final view structure for view `customers_info`
--

/*!50001 DROP VIEW IF EXISTS `customers_info`*/;
/*!50001 SET @saved_cs_client          = @@character_set_client */;
/*!50001 SET @saved_cs_results         = @@character_set_results */;
/*!50001 SET @saved_col_connection     = @@collation_connection */;
/*!50001 SET character_set_client      = utf8mb4 */;
/*!50001 SET character_set_results     = utf8mb4 */;
/*!50001 SET collation_connection      = utf8mb4_0900_ai_ci */;
/*!50001 CREATE ALGORITHM=UNDEFINED */
/*!50013 DEFINER=`root`@`localhost` SQL SECURITY DEFINER */
/*!50001 VIEW `customers_info` AS select `customers`.`customer_name` AS `customer_name`,`customers`.`gender` AS `gender`,`customers`.`phone_no` AS `phone_no`,`customers`.`country` AS `country`,`customers`.`state` AS `state`,`customers`.`street_name` AS `street_name`,`customers`.`street_no` AS `street_no`,`customers`.`pincode` AS `pincode` from `customers` */;
/*!50001 SET character_set_client      = @saved_cs_client */;
/*!50001 SET character_set_results     = @saved_cs_results */;
/*!50001 SET collation_connection      = @saved_col_connection */;

--
-- Final view structure for view `items_info`
--

/*!50001 DROP VIEW IF EXISTS `items_info`*/;
/*!50001 SET @saved_cs_client          = @@character_set_client */;
/*!50001 SET @saved_cs_results         = @@character_set_results */;
/*!50001 SET @saved_col_connection     = @@collation_connection */;
/*!50001 SET character_set_client      = utf8mb4 */;
/*!50001 SET character_set_results     = utf8mb4 */;
/*!50001 SET collation_connection      = utf8mb4_0900_ai_ci */;
/*!50001 CREATE ALGORITHM=UNDEFINED */
/*!50013 DEFINER=`root`@`localhost` SQL SECURITY DEFINER */
/*!50001 VIEW `items_info` AS select `items`.`item_id` AS `item_id`,`items`.`item_name` AS `item_name`,`items`.`item_type` AS `item_type`,`items`.`quantity` AS `quantity`,`items`.`selling_price` AS `selling_price` from `items` */;
/*!50001 SET character_set_client      = @saved_cs_client */;
/*!50001 SET character_set_results     = @saved_cs_results */;
/*!50001 SET collation_connection      = @saved_col_connection */;

--
-- Final view structure for view `owners_info`
--

/*!50001 DROP VIEW IF EXISTS `owners_info`*/;
/*!50001 SET @saved_cs_client          = @@character_set_client */;
/*!50001 SET @saved_cs_results         = @@character_set_results */;
/*!50001 SET @saved_col_connection     = @@collation_connection */;
/*!50001 SET character_set_client      = utf8mb4 */;
/*!50001 SET character_set_results     = utf8mb4 */;
/*!50001 SET collation_connection      = utf8mb4_0900_ai_ci */;
/*!50001 CREATE ALGORITHM=UNDEFINED */
/*!50013 DEFINER=`root`@`localhost` SQL SECURITY DEFINER */
/*!50001 VIEW `owners_info` AS select `owners`.`owner_name` AS `Name`,`owners`.`email` AS `email` from `owners` */;
/*!50001 SET character_set_client      = @saved_cs_client */;
/*!50001 SET character_set_results     = @saved_cs_results */;
/*!50001 SET collation_connection      = @saved_col_connection */;
/*!40103 SET TIME_ZONE=@OLD_TIME_ZONE */;

/*!40101 SET SQL_MODE=@OLD_SQL_MODE */;
/*!40014 SET FOREIGN_KEY_CHECKS=@OLD_FOREIGN_KEY_CHECKS */;
/*!40014 SET UNIQUE_CHECKS=@OLD_UNIQUE_CHECKS */;
/*!40101 SET CHARACTER_SET_CLIENT=@OLD_CHARACTER_SET_CLIENT */;
/*!40101 SET CHARACTER_SET_RESULTS=@OLD_CHARACTER_SET_RESULTS */;
/*!40101 SET COLLATION_CONNECTION=@OLD_COLLATION_CONNECTION */;
/*!40111 SET SQL_NOTES=@OLD_SQL_NOTES */;

-- Dump completed on 2022-05-01  7:52:47
